{"output": "/public/home/u43077/lzh/outputs/minillm-general/new-model-v1/benchmarks/long-context-trajectory/step-00211345.json.attempt-49637-1.tmp", "long_loss": 2.704273083873403, "cache_parity": false}
{"task": "ceval", "examples": 1346, "subjects": 52, "random_accuracy": 0.25, "candidate_sequences": 10768, "scored_tokens": 53820, "elapsed_seconds": 12.394837204366922, "metrics": {"label": {"examples": 1346, "correct": 337, "correct_normalized": 337, "accuracy": 0.25037147102526003, "accuracy_normalized": 0.25037147102526003, "standard_error": 0.011808451324200327, "standard_error_normalized": 0.011808451324200327}, "content": {"examples": 1346, "correct": 357, "correct_normalized": 427, "accuracy": 0.2652303120356612, "accuracy_normalized": 0.31723625557206536, "standard_error": 0.012032743638706609, "standard_error_normalized": 0.012685398168306345}}, "available_examples": 1346}
{"task": "cmmlu", "examples": 2000, "subjects": 67, "random_accuracy": 0.25, "candidate_sequences": 16000, "scored_tokens": 65866, "elapsed_seconds": 17.31219113059342, "metrics": {"label": {"examples": 2000, "correct": 496, "correct_normalized": 496, "accuracy": 0.248, "accuracy_normalized": 0.248, "standard_error": 0.009656500401284102, "standard_error_normalized": 0.009656500401284102}, "content": {"examples": 2000, "correct": 528, "correct_normalized": 567, "accuracy": 0.264, "accuracy_normalized": 0.2835, "standard_error": 0.009856571412007322, "standard_error_normalized": 0.010077890404246318}}, "available_examples": 11582}
{"task": "arc_easy", "examples": 570, "subjects": 1, "random_accuracy": 0.24997076023391815, "candidate_sequences": 4562, "scored_tokens": 15607, "elapsed_seconds": 4.810574796050787, "metrics": {"label": {"examples": 570, "correct": 152, "correct_normalized": 152, "accuracy": 0.26666666666666666, "accuracy_normalized": 0.26666666666666666, "standard_error": 0.018522416743699793, "standard_error_normalized": 0.018522416743699793}, "content": {"examples": 570, "correct": 184, "correct_normalized": 148, "accuracy": 0.32280701754385965, "accuracy_normalized": 0.2596491228070175, "standard_error": 0.019583498557046847, "standard_error_normalized": 0.018364317796403577}}, "available_examples": 570}
{"task": "arc_challenge", "examples": 299, "subjects": 1, "random_accuracy": 0.2506688963210703, "candidate_sequences": 2388, "scored_tokens": 9938, "elapsed_seconds": 2.487712949514389, "metrics": {"label": {"examples": 299, "correct": 75, "correct_normalized": 75, "accuracy": 0.2508361204013378, "accuracy_normalized": 0.2508361204013378, "standard_error": 0.025069626194585855, "standard_error_normalized": 0.025069626194585855}, "content": {"examples": 299, "correct": 58, "correct_normalized": 76, "accuracy": 0.1939799331103679, "accuracy_normalized": 0.25418060200668896, "standard_error": 0.022867344555638828, "standard_error_normalized": 0.025179809794854235}}, "available_examples": 299}
{"task": "hellaswag", "examples": 2000, "subjects": 168, "random_accuracy": 0.25, "candidate_sequences": 8000, "scored_tokens": 300070, "elapsed_seconds": 9.159374179318547, "metrics": {"ending": {"examples": 2000, "correct": 539, "correct_normalized": 579, "accuracy": 0.2695, "accuracy_normalized": 0.2895, "standard_error": 0.009921435128044732, "standard_error_normalized": 0.010141246225193431}}, "available_examples": 10042}
{"output": "/public/home/u43077/lzh/outputs/minillm-general/new-model-v1/benchmarks/long-context-capability/step-00211345.json.attempt-49637-1.tmp"}
2026-07-31 10:01:22 +0000
GPU 0: NVIDIA A100-SXM4-40GB (UUID: GPU-756ef8c7-0e32-392f-1e8c-4caa95b553ff)
GPU 1: NVIDIA A100-SXM4-40GB (UUID: GPU-05a31dc4-ac5d-9ae1-baba-16f2b7d2e368)
GPU 2: NVIDIA A100-SXM4-40GB (UUID: GPU-b6144eb8-e087-31ab-133d-06d192d997d3)
GPU 3: NVIDIA A100-SXM4-40GB (UUID: GPU-abb600dd-a171-16dd-a112-ea45d38b4c53)
resume=/public/home/u43077/lzh/outputs/minillm-general/new-model-v1/160m-openbpe-32k-4k/step-00211345.pt start_step=211345 target_step=212108 stage_start=211345 stage_end=218975 world_size=4 tokens_per_rank_step=32768 tokens_per_step=131072 eval_micro_batch=1 omp_threads=8
[W731 10:01:35.811077737 socket.cpp:204] [c10d] The hostname of the client socket cannot be retrieved. err=-3
[W731 10:01:47.837078494 socket.cpp:204] [c10d] The hostname of the client socket cannot be retrieved. err=-3
[W731 10:02:03.667109469 socket.cpp:204] [c10d] The hostname of the client socket cannot be retrieved. err=-3
[W731 10:02:03.667109890 socket.cpp:204] [c10d] The hostname of the client socket cannot be retrieved. err=-3
[W731 10:02:03.667108543 socket.cpp:204] [c10d] The hostname of the client socket cannot be retrieved. err=-3
[W731 10:02:03.667110764 socket.cpp:204] [c10d] The hostname of the client socket cannot be retrieved. err=-3
[W731 10:02:15.691087230 socket.cpp:204] [c10d] The hostname of the client socket cannot be retrieved. err=-3
[W731 10:02:27.716527370 socket.cpp:204] [c10d] The hostname of the client socket cannot be retrieved. err=-3
[W731 10:02:39.741127895 socket.cpp:204] [c10d] The hostname of the client socket cannot be retrieved. err=-3
[W731 10:02:51.765076458 socket.cpp:204] [c10d] The hostname of the client socket cannot be retrieved. err=-3
{"config": {"vocab_size": 32768, "block_size": 8192, "n_layer": 22, "n_head": 12, "n_embd": 768, "fused_qkv": true, "dropout": 0.0, "bias": false, "position_encoding": "rope", "rope_theta": 1000000.0, "sinusoidal_theta": 10000.0, "norm_type": "rmsnorm", "norm_eps": 1e-06, "mlp_type": "swiglu", "activation": "silu", "intermediate_size": 2048, "num_key_value_heads": 4, "qk_norm": true, "use_sdpa": true, "scale_residual_init": true}, "parameters": 163615232}
resumed /public/home/u43077/lzh/outputs/minillm-general/new-model-v1/160m-openbpe-32k-4k/step-00211345.pt at optimizer step 211345
{"world_size": 4, "tokens_per_optimizer_step": 131072, "micro_batch_size": 4, "gradient_accumulation_steps": 1, "eval_micro_batch_size": 1, "train_tokens": 996031203, "validation_tokens": 5079660, "sequence_length": 8192, "model_max_context": 8192, "dataset_manifest_sha256": "4454a741a4972742676ebc787c057ccaecaa93030bab42d82c4bb8591afd5d05", "tokenizer_sha256": "21a9e8b44a54d25bd1ebc2367810c0cf298af8afa6c2ff1f0997e124f9b52dc3", "bf16": true, "compile": true, "gradient_checkpointing": false, "batch_layout": "records", "tokens_processed_at_start": 10000007168, "schedule_reference_tokens_per_step": null}
{"step": 211350, "tokens_processed": 10000662528, "train_loss": 2.6566731929779053, "lr": 3.6750000000000004e-06, "grad_norm": 2.64823055267334, "tokens_per_second": 15810.86078288953, "gpu_memory_gib": 28.127673149108887}
{"step": 211360, "tokens_processed": 10001973248, "train_loss": 2.7137703895568848, "lr": 5.025e-06, "grad_norm": 1.740125060081482, "tokens_per_second": 230462.74509533079, "gpu_memory_gib": 27.930435180664062}
{"step": 211370, "tokens_processed": 10003283968, "train_loss": 2.6301167011260986, "lr": 6.375000000000001e-06, "grad_norm": 1.1517962217330933, "tokens_per_second": 250200.88962927772, "gpu_memory_gib": 27.930435180664062}
{"step": 211380, "tokens_processed": 10004594688, "train_loss": 2.6099905967712402, "lr": 7.725e-06, "grad_norm": 0.8867015838623047, "tokens_per_second": 261855.7003243004, "gpu_memory_gib": 27.930435180664062}
{"step": 211390, "tokens_processed": 10005905408, "train_loss": 2.451418876647949, "lr": 9.075e-06, "grad_norm": 0.7569679617881775, "tokens_per_second": 261643.01600319453, "gpu_memory_gib": 27.930435180664062}
{"step": 211400, "tokens_processed": 10007216128, "train_loss": 2.5478451251983643, "lr": 1.0425000000000001e-05, "grad_norm": 0.6533593535423279, "tokens_per_second": 266745.6839998482, "gpu_memory_gib": 27.930435180664062}
{"step": 211410, "tokens_processed": 10008526848, "train_loss": 2.4726181030273438, "lr": 1.1775000000000002e-05, "grad_norm": 0.6178029179573059, "tokens_per_second": 272586.7515164634, "gpu_memory_gib": 27.930435180664062}
{"step": 211420, "tokens_processed": 10009837568, "train_loss": 2.490266799926758, "lr": 1.3125e-05, "grad_norm": 0.6228250861167908, "tokens_per_second": 262320.7053609881, "gpu_memory_gib": 27.930435180664062}
{"step": 211430, "tokens_processed": 10011148288, "train_loss": 2.463419198989868, "lr": 1.4475000000000001e-05, "grad_norm": 0.6189398169517517, "tokens_per_second": 282669.8345387239, "gpu_memory_gib": 27.930435180664062}
{"step": 211440, "tokens_processed": 10012459008, "train_loss": 2.5230050086975098, "lr": 1.5825e-05, "grad_norm": 0.5854204297065735, "tokens_per_second": 268694.53286264796, "gpu_memory_gib": 27.930435180664062}
{"step": 211450, "tokens_processed": 10013769728, "train_loss": 2.48502516746521, "lr": 1.7175e-05, "grad_norm": 0.562014639377594, "tokens_per_second": 268086.4233159331, "gpu_memory_gib": 27.930435180664062}
{"step": 211460, "tokens_processed": 10015080448, "train_loss": 2.4601995944976807, "lr": 1.8525e-05, "grad_norm": 0.5756019949913025, "tokens_per_second": 270254.4583832539, "gpu_memory_gib": 27.930435180664062}
{"step": 211470, "tokens_processed": 10016391168, "train_loss": 2.459968090057373, "lr": 1.9875e-05, "grad_norm": 0.5656896829605103, "tokens_per_second": 281721.10156221676, "gpu_memory_gib": 27.930435180664062}
{"step": 211480, "tokens_processed": 10017701888, "train_loss": 2.5504775047302246, "lr": 2.1225e-05, "grad_norm": 0.613680899143219, "tokens_per_second": 262842.5116863941, "gpu_memory_gib": 27.930435180664062}
{"step": 211490, "tokens_processed": 10019012608, "train_loss": 2.5532257556915283, "lr": 2.2575e-05, "grad_norm": 0.6104567050933838, "tokens_per_second": 282745.7371633437, "gpu_memory_gib": 27.930435180664062}
{"step": 211500, "tokens_processed": 10020323328, "train_loss": 2.4827544689178467, "lr": 2.3925e-05, "grad_norm": 0.5662665367126465, "tokens_per_second": 277964.0295093934, "gpu_memory_gib": 27.930435180664062}
{"step": 211500, "validation_loss": 2.3615312576293945, "validation_nats_per_byte": 0.5902869735082725}
{"step": 211510, "tokens_processed": 10021634048, "train_loss": 2.392719268798828, "lr": 2.5274999999999998e-05, "grad_norm": 0.6173944473266602, "tokens_per_second": 69392.7669286354, "gpu_memory_gib": 27.930435180664062}
{"step": 211520, "tokens_processed": 10022944768, "train_loss": 2.5366411209106445, "lr": 2.6625e-05, "grad_norm": 0.6187737584114075, "tokens_per_second": 287753.2443297006, "gpu_memory_gib": 27.930435180664062}
{"step": 211530, "tokens_processed": 10024255488, "train_loss": 2.439570903778076, "lr": 2.7975e-05, "grad_norm": 0.5844513177871704, "tokens_per_second": 262640.746652724, "gpu_memory_gib": 27.930435180664062}
{"step": 211540, "tokens_processed": 10025566208, "train_loss": 2.4059970378875732, "lr": 2.9324999999999998e-05, "grad_norm": 0.6016070246696472, "tokens_per_second": 277852.6540051355, "gpu_memory_gib": 27.930435180664062}
{"step": 211550, "tokens_processed": 10026876928, "train_loss": 2.382138729095459, "lr": 2.9999980691623004e-05, "grad_norm": 0.5797738432884216, "tokens_per_second": 280458.46510040434, "gpu_memory_gib": 27.930435180664062}
{"step": 211560, "tokens_processed": 10028187648, "train_loss": 2.386958122253418, "lr": 2.99997634730161e-05, "grad_norm": 0.5705658197402954, "tokens_per_second": 273351.3514426246, "gpu_memory_gib": 27.930435180664062}
{"step": 211570, "tokens_processed": 10029498368, "train_loss": 2.3715038299560547, "lr": 2.9999304904227448e-05, "grad_norm": 0.6159844994544983, "tokens_per_second": 280822.0897273972, "gpu_memory_gib": 27.930435180664062}
{"step": 211580, "tokens_processed": 10030809088, "train_loss": 2.3704848289489746, "lr": 2.999860499345538e-05, "grad_norm": 0.5484374761581421, "tokens_per_second": 281982.534218534, "gpu_memory_gib": 27.930435180664062}
{"step": 211590, "tokens_processed": 10032119808, "train_loss": 2.463690996170044, "lr": 2.999766375321299e-05, "grad_norm": 0.5788438320159912, "tokens_per_second": 280740.37000992376, "gpu_memory_gib": 27.930435180664062}
{"step": 211600, "tokens_processed": 10033430528, "train_loss": 2.51647686958313, "lr": 2.999648120032786e-05, "grad_norm": 0.5864499807357788, "tokens_per_second": 282234.66187955625, "gpu_memory_gib": 27.930435180664062}
{"step": 211610, "tokens_processed": 10034741248, "train_loss": 2.43100643157959, "lr": 2.9995057355941794e-05, "grad_norm": 0.5986424684524536, "tokens_per_second": 264744.6895726285, "gpu_memory_gib": 27.930435180664062}
{"step": 211620, "tokens_processed": 10036051968, "train_loss": 2.4006435871124268, "lr": 2.999339224551043e-05, "grad_norm": 0.574809193611145, "tokens_per_second": 281640.7050291545, "gpu_memory_gib": 27.930435180664062}
{"step": 211630, "tokens_processed": 10037362688, "train_loss": 2.4911575317382812, "lr": 2.9991485898802793e-05, "grad_norm": 0.5756965279579163, "tokens_per_second": 280485.94534566737, "gpu_memory_gib": 27.930435180664062}
{"step": 211640, "tokens_processed": 10038673408, "train_loss": 2.4468436241149902, "lr": 2.9989338349900744e-05, "grad_norm": 0.5962157249450684, "tokens_per_second": 282222.8179585868, "gpu_memory_gib": 27.930435180664062}
{"step": 211650, "tokens_processed": 10039984128, "train_loss": 2.445953845977783, "lr": 2.998694963719838e-05, "grad_norm": 0.5938352942466736, "tokens_per_second": 276187.1022079276, "gpu_memory_gib": 27.930435180664062}
{"step": 211660, "tokens_processed": 10041294848, "train_loss": 2.37685227394104, "lr": 2.998431980340137e-05, "grad_norm": 0.573458731174469, "tokens_per_second": 281612.81413014425, "gpu_memory_gib": 27.930435180664062}
{"step": 211670, "tokens_processed": 10042605568, "train_loss": 2.440434455871582, "lr": 2.9981448895526144e-05, "grad_norm": 0.6061115860939026, "tokens_per_second": 275748.6804531406, "gpu_memory_gib": 27.930435180664062}
{"step": 211680, "tokens_processed": 10043916288, "train_loss": 2.381519317626953, "lr": 2.99783369648991e-05, "grad_norm": 0.5573315620422363, "tokens_per_second": 278419.9408522621, "gpu_memory_gib": 27.930435180664062}
{"step": 211690, "tokens_processed": 10045227008, "train_loss": 2.392857313156128, "lr": 2.9974984067155662e-05, "grad_norm": 0.5692175030708313, "tokens_per_second": 282212.89943679766, "gpu_memory_gib": 27.930435180664062}
{"step": 211700, "tokens_processed": 10046537728, "train_loss": 2.306849479675293, "lr": 2.9971390262239278e-05, "grad_norm": 0.5634573101997375, "tokens_per_second": 277999.2435743966, "gpu_memory_gib": 27.930435180664062}
{"step": 211710, "tokens_processed": 10047848448, "train_loss": 2.3936758041381836, "lr": 2.9967555614400374e-05, "grad_norm": 0.5865001678466797, "tokens_per_second": 276649.1629356426, "gpu_memory_gib": 27.930435180664062}
{"step": 211720, "tokens_processed": 10049159168, "train_loss": 2.3973159790039062, "lr": 2.996348019219518e-05, "grad_norm": 0.5786029696464539, "tokens_per_second": 269207.99681053107, "gpu_memory_gib": 27.930435180664062}
{"step": 211730, "tokens_processed": 10050469888, "train_loss": 2.36739444732666, "lr": 2.9959164068484526e-05, "grad_norm": 0.5641718506813049, "tokens_per_second": 234821.60693993638, "gpu_memory_gib": 27.930435180664062}
{"step": 211740, "tokens_processed": 10051780608, "train_loss": 2.3728203773498535, "lr": 2.9954607320432515e-05, "grad_norm": 0.5624403953552246, "tokens_per_second": 268014.5572873256, "gpu_memory_gib": 27.930435180664062}
{"step": 211750, "tokens_processed": 10053091328, "train_loss": 2.4243640899658203, "lr": 2.9949810029505176e-05, "grad_norm": 0.5961251258850098, "tokens_per_second": 273537.7105339987, "gpu_memory_gib": 27.930435180664062}
{"step": 211760, "tokens_processed": 10054402048, "train_loss": 2.531876802444458, "lr": 2.9944772281468965e-05, "grad_norm": 0.5583564043045044, "tokens_per_second": 259160.35518915206, "gpu_memory_gib": 27.930435180664062}
{"step": 211770, "tokens_processed": 10055712768, "train_loss": 2.3409111499786377, "lr": 2.9939494166389272e-05, "grad_norm": 0.5752030611038208, "tokens_per_second": 289699.9952856073, "gpu_memory_gib": 27.930435180664062}
{"step": 211780, "tokens_processed": 10057023488, "train_loss": 2.3910765647888184, "lr": 2.9933975778628792e-05, "grad_norm": 0.6832165718078613, "tokens_per_second": 276193.4527175725, "gpu_memory_gib": 27.930435180664062}
{"step": 211790, "tokens_processed": 10058334208, "train_loss": 2.4617908000946045, "lr": 2.992821721684584e-05, "grad_norm": 0.6040669083595276, "tokens_per_second": 278109.351844072, "gpu_memory_gib": 27.930435180664062}
{"step": 211800, "tokens_processed": 10059644928, "train_loss": 2.5193533897399902, "lr": 2.992221858399258e-05, "grad_norm": 0.5604586601257324, "tokens_per_second": 278056.9976592308, "gpu_memory_gib": 27.930435180664062}
{"step": 211810, "tokens_processed": 10060955648, "train_loss": 2.419126033782959, "lr": 2.9915979987313196e-05, "grad_norm": 0.5902445316314697, "tokens_per_second": 283185.783358884, "gpu_memory_gib": 27.930435180664062}
{"step": 211820, "tokens_processed": 10062266368, "train_loss": 2.548980236053467, "lr": 2.9909501538341976e-05, "grad_norm": 0.5581573843955994, "tokens_per_second": 274328.43298650294, "gpu_memory_gib": 27.930435180664062}
{"step": 211830, "tokens_processed": 10063577088, "train_loss": 2.451784133911133, "lr": 2.99027833529013e-05, "grad_norm": 0.5749143362045288, "tokens_per_second": 280183.43396344146, "gpu_memory_gib": 27.930435180664062}
{"step": 211840, "tokens_processed": 10064887808, "train_loss": 2.355036735534668, "lr": 2.9895825551099603e-05, "grad_norm": 0.5812026858329773, "tokens_per_second": 281424.9914670816, "gpu_memory_gib": 27.930435180664062}
{"step": 211850, "tokens_processed": 10066198528, "train_loss": 2.2980098724365234, "lr": 2.988862825732918e-05, "grad_norm": 0.5511525273323059, "tokens_per_second": 275849.47703358217, "gpu_memory_gib": 27.930435180664062}
{"step": 211860, "tokens_processed": 10067509248, "train_loss": 2.4812445640563965, "lr": 2.988119160026401e-05, "grad_norm": 0.6126576662063599, "tokens_per_second": 277401.88483561465, "gpu_memory_gib": 27.930435180664062}
{"step": 211870, "tokens_processed": 10068819968, "train_loss": 2.4210736751556396, "lr": 2.987351571285741e-05, "grad_norm": 0.5349265336990356, "tokens_per_second": 271416.5379843663, "gpu_memory_gib": 27.930435180664062}
{"step": 211880, "tokens_processed": 10070130688, "train_loss": 2.4628806114196777, "lr": 2.9865600732339717e-05, "grad_norm": 0.5720179677009583, "tokens_per_second": 267587.13443279936, "gpu_memory_gib": 27.930435180664062}
{"step": 211890, "tokens_processed": 10071441408, "train_loss": 2.5060343742370605, "lr": 2.985744680021576e-05, "grad_norm": 0.6150668263435364, "tokens_per_second": 282690.2277376445, "gpu_memory_gib": 27.930435180664062}
{"step": 211900, "tokens_processed": 10072752128, "train_loss": 2.3935670852661133, "lr": 2.9849054062262406e-05, "grad_norm": 0.6378762125968933, "tokens_per_second": 284263.1243784433, "gpu_memory_gib": 27.930435180664062}
{"step": 211910, "tokens_processed": 10074062848, "train_loss": 2.3958687782287598, "lr": 2.9840422668525893e-05, "grad_norm": 0.5540018677711487, "tokens_per_second": 269279.5020516883, "gpu_memory_gib": 27.930435180664062}
{"step": 211920, "tokens_processed": 10075373568, "train_loss": 2.379892349243164, "lr": 2.983155277331918e-05, "grad_norm": 0.5848360061645508, "tokens_per_second": 279375.5383778789, "gpu_memory_gib": 27.930435180664062}
{"step": 211930, "tokens_processed": 10076684288, "train_loss": 2.431384325027466, "lr": 2.9822444535219182e-05, "grad_norm": 0.5927590131759644, "tokens_per_second": 279389.6302794308, "gpu_memory_gib": 27.930435180664062}
{"step": 211940, "tokens_processed": 10077995008, "train_loss": 2.5173206329345703, "lr": 2.9813098117063933e-05, "grad_norm": 0.593948245048523, "tokens_per_second": 271957.3243059462, "gpu_memory_gib": 27.930435180664062}
{"step": 211950, "tokens_processed": 10079305728, "train_loss": 2.507852554321289, "lr": 2.9803513685949665e-05, "grad_norm": 0.5888531804084778, "tokens_per_second": 274089.18992532656, "gpu_memory_gib": 27.930435180664062}
{"step": 211960, "tokens_processed": 10080616448, "train_loss": 2.403552532196045, "lr": 2.9793691413227847e-05, "grad_norm": 0.579983651638031, "tokens_per_second": 283227.5852697008, "gpu_memory_gib": 27.930435180664062}
{"step": 211970, "tokens_processed": 10081927168, "train_loss": 2.3862788677215576, "lr": 2.9783631474502096e-05, "grad_norm": 0.5594914555549622, "tokens_per_second": 278605.92708632885, "gpu_memory_gib": 27.930435180664062}
{"step": 211980, "tokens_processed": 10083237888, "train_loss": 2.4721181392669678, "lr": 2.9773334049625043e-05, "grad_norm": 0.5910407900810242, "tokens_per_second": 277902.1636707049, "gpu_memory_gib": 27.930435180664062}
{"step": 211990, "tokens_processed": 10084548608, "train_loss": 2.420523166656494, "lr": 2.9762799322695134e-05, "grad_norm": 0.5769860744476318, "tokens_per_second": 283486.11383556185, "gpu_memory_gib": 27.930435180664062}
{"step": 212000, "tokens_processed": 10085859328, "train_loss": 2.345705986022949, "lr": 2.9752027482053304e-05, "grad_norm": 0.6951412558555603, "tokens_per_second": 282127.0340156612, "gpu_memory_gib": 27.930435180664062}
{"step": 212000, "validation_loss": 2.343456745147705, "validation_nats_per_byte": 0.5857690789278027}
{"step": 212010, "tokens_processed": 10087170048, "train_loss": 2.398160696029663, "lr": 2.9741018720279662e-05, "grad_norm": 0.5891389846801758, "tokens_per_second": 239970.36048754214, "gpu_memory_gib": 27.930435180664062}
{"step": 212020, "tokens_processed": 10088480768, "train_loss": 2.451457977294922, "lr": 2.972977323418999e-05, "grad_norm": 0.5703620910644531, "tokens_per_second": 286950.25513097283, "gpu_memory_gib": 27.930435180664062}
{"step": 212030, "tokens_processed": 10089791488, "train_loss": 2.408025026321411, "lr": 2.9718291224832263e-05, "grad_norm": 0.5594313144683838, "tokens_per_second": 275815.97690572974, "gpu_memory_gib": 27.930435180664062}
{"step": 212040, "tokens_processed": 10091102208, "train_loss": 2.4287374019622803, "lr": 2.970657289748305e-05, "grad_norm": 0.5876913666725159, "tokens_per_second": 276218.8385941452, "gpu_memory_gib": 27.930435180664062}
{"step": 212050, "tokens_processed": 10092412928, "train_loss": 2.4409961700439453, "lr": 2.969461846164383e-05, "grad_norm": 0.5480132102966309, "tokens_per_second": 286407.6329714481, "gpu_memory_gib": 27.930435180664062}
{"step": 212060, "tokens_processed": 10093723648, "train_loss": 2.353806495666504, "lr": 2.9682428131037253e-05, "grad_norm": 0.5748500227928162, "tokens_per_second": 282237.42859265726, "gpu_memory_gib": 27.930435180664062}
{"step": 212070, "tokens_processed": 10095034368, "train_loss": 2.425982713699341, "lr": 2.967000212360332e-05, "grad_norm": 0.6369668245315552, "tokens_per_second": 285629.19804369856, "gpu_memory_gib": 27.930435180664062}
{"step": 212080, "tokens_processed": 10096345088, "train_loss": 2.476576805114746, "lr": 2.96573406614955e-05, "grad_norm": 0.5994167923927307, "tokens_per_second": 281369.6255076385, "gpu_memory_gib": 27.930435180664062}
{"step": 212090, "tokens_processed": 10097655808, "train_loss": 2.4820878505706787, "lr": 2.964444397107673e-05, "grad_norm": 0.5816019177436829, "tokens_per_second": 283601.81071434706, "gpu_memory_gib": 27.930435180664062}
{"step": 212100, "tokens_processed": 10098966528, "train_loss": 2.328209400177002, "lr": 2.963131228291539e-05, "grad_norm": 0.5956872701644897, "tokens_per_second": 274326.67224980984, "gpu_memory_gib": 27.930435180664062}
{"step": 212108, "validation_loss": 2.3424770832061768, "validation_nats_per_byte": 0.5855242032012343}
{"output": "/public/home/u43077/lzh/outputs/minillm-general/new-model-v1/benchmarks/long-context-trajectory/step-00212108.json.attempt-49637-1.tmp", "long_loss": 2.3869114029093756, "cache_parity": true}
Traceback (most recent call last):
  File "/public/home/u43077/lzh/ai/projects/minillm-general/benchmark_mc.py", line 477, in <module>
    main()
  File "/public/home/u43077/lzh/ai/projects/minillm-general/benchmark_mc.py", line 427, in main
    backend: ModelBackend = MiniLLMBackend(model_path, tokenizer_path, device)
                            ^^^^^^^^^^^^^^^^^^^^^^^^^^^^^^^^^^^^^^^^^^^^^^^^^^
  File "/public/home/u43077/lzh/ai/projects/minillm-general/benchmark_mc.py", line 204, in __init__
    self.tokenizer = Tokenizer.from_file(str(tokenizer_path))
                     ^^^^^^^^^^^^^^^^^^^^^^^^^^^^^^^^^^^^^^^^
Exception: No such file or directory (os error 2)
{"task": "ceval", "examples": 1346, "subjects": 52, "random_accuracy": 0.25, "candidate_sequences": 10768, "scored_tokens": 53820, "elapsed_seconds": 22.434005077928305, "metrics": {"label": {"examples": 1346, "correct": 339, "correct_normalized": 339, "accuracy": 0.25185735512630014, "accuracy_normalized": 0.25185735512630014, "standard_error": 0.011831695783267489, "standard_error_normalized": 0.011831695783267489}, "content": {"examples": 1346, "correct": 358, "correct_normalized": 432, "accuracy": 0.2659732540861813, "accuracy_normalized": 0.3209509658246657, "standard_error": 0.012043491093096778, "standard_error_normalized": 0.012724694999245898}}, "available_examples": 1346}
{"task": "cmmlu", "examples": 2000, "subjects": 67, "random_accuracy": 0.25, "candidate_sequences": 16000, "scored_tokens": 65866, "elapsed_seconds": 16.132553204894066, "metrics": {"label": {"examples": 2000, "correct": 505, "correct_normalized": 505, "accuracy": 0.2525, "accuracy_normalized": 0.2525, "standard_error": 0.009714518773464798, "standard_error_normalized": 0.009714518773464798}, "content": {"examples": 2000, "correct": 522, "correct_normalized": 571, "accuracy": 0.261, "accuracy_normalized": 0.2855, "standard_error": 0.00982036150047441, "standard_error_normalized": 0.010099251209866997}}, "available_examples": 11582}
{"task": "arc_easy", "examples": 570, "subjects": 1, "random_accuracy": 0.24997076023391815, "candidate_sequences": 4562, "scored_tokens": 15607, "elapsed_seconds": 4.457235541194677, "metrics": {"label": {"examples": 570, "correct": 146, "correct_normalized": 146, "accuracy": 0.256140350877193, "accuracy_normalized": 0.256140350877193, "standard_error": 0.018282983725632886, "standard_error_normalized": 0.018282983725632886}, "content": {"examples": 570, "correct": 187, "correct_normalized": 146, "accuracy": 0.3280701754385965, "accuracy_normalized": 0.256140350877193, "standard_error": 0.01966563194243289, "standard_error_normalized": 0.018282983725632886}}, "available_examples": 570}
{"task": "arc_challenge", "examples": 299, "subjects": 1, "random_accuracy": 0.2506688963210703, "candidate_sequences": 2388, "scored_tokens": 9938, "elapsed_seconds": 2.359295530244708, "metrics": {"label": {"examples": 299, "correct": 70, "correct_normalized": 70, "accuracy": 0.23411371237458195, "accuracy_normalized": 0.23411371237458195, "standard_error": 0.024488375650143068, "standard_error_normalized": 0.024488375650143068}, "content": {"examples": 299, "correct": 53, "correct_normalized": 63, "accuracy": 0.17725752508361203, "accuracy_normalized": 0.21070234113712374, "standard_error": 0.022085066223956343, "standard_error_normalized": 0.023584110104466417}}, "available_examples": 299}
{"task": "hellaswag", "examples": 2000, "subjects": 168, "random_accuracy": 0.25, "candidate_sequences": 8000, "scored_tokens": 300070, "elapsed_seconds": 8.411284316331148, "metrics": {"ending": {"examples": 2000, "correct": 542, "correct_normalized": 570, "accuracy": 0.271, "accuracy_normalized": 0.285, "standard_error": 0.009938787652425219, "standard_error_normalized": 0.010093933821855581}}, "available_examples": 10042}
{"output": "/public/home/u43077/lzh/outputs/minillm-general/new-model-v1/benchmarks/long-context-capability/step-00212108.json.attempt-49637-2.tmp"}
2026-07-31 10:14:17 +0000
GPU 0: NVIDIA A100-SXM4-40GB (UUID: GPU-756ef8c7-0e32-392f-1e8c-4caa95b553ff)
GPU 1: NVIDIA A100-SXM4-40GB (UUID: GPU-05a31dc4-ac5d-9ae1-baba-16f2b7d2e368)
GPU 2: NVIDIA A100-SXM4-40GB (UUID: GPU-b6144eb8-e087-31ab-133d-06d192d997d3)
GPU 3: NVIDIA A100-SXM4-40GB (UUID: GPU-abb600dd-a171-16dd-a112-ea45d38b4c53)
resume=/public/home/u43077/lzh/outputs/minillm-general/new-model-v1/160m-openbpe-32k-8k/latest.pt start_step=212108 target_step=213253 stage_start=211345 stage_end=218975 world_size=4 tokens_per_rank_step=32768 tokens_per_step=131072 eval_micro_batch=1 omp_threads=8
[W731 10:14:31.117063789 socket.cpp:204] [c10d] The hostname of the client socket cannot be retrieved. err=-3
[W731 10:14:43.181061695 socket.cpp:204] [c10d] The hostname of the client socket cannot be retrieved. err=-3
[W731 10:15:05.091086192 socket.cpp:204] [c10d] The hostname of the client socket cannot be retrieved. err=-3
[W731 10:15:05.091085430 socket.cpp:204] [c10d] The hostname of the client socket cannot be retrieved. err=-3
[W731 10:15:05.091083604 socket.cpp:204] [c10d] The hostname of the client socket cannot be retrieved. err=-3
[W731 10:15:05.091095384 socket.cpp:204] [c10d] The hostname of the client socket cannot be retrieved. err=-3
[W731 10:15:17.117070543 socket.cpp:204] [c10d] The hostname of the client socket cannot be retrieved. err=-3
[W731 10:15:29.141055772 socket.cpp:204] [c10d] The hostname of the client socket cannot be retrieved. err=-3
[W731 10:15:41.165048398 socket.cpp:204] [c10d] The hostname of the client socket cannot be retrieved. err=-3
[W731 10:15:53.189060948 socket.cpp:204] [c10d] The hostname of the client socket cannot be retrieved. err=-3
{"config": {"vocab_size": 32768, "block_size": 8192, "n_layer": 22, "n_head": 12, "n_embd": 768, "fused_qkv": true, "dropout": 0.0, "bias": false, "position_encoding": "rope", "rope_theta": 1000000.0, "sinusoidal_theta": 10000.0, "norm_type": "rmsnorm", "norm_eps": 1e-06, "mlp_type": "swiglu", "activation": "silu", "intermediate_size": 2048, "num_key_value_heads": 4, "qk_norm": true, "use_sdpa": true, "scale_residual_init": true}, "parameters": 163615232}
resumed /public/home/u43077/lzh/outputs/minillm-general/new-model-v1/160m-openbpe-32k-8k/step-00212108.pt at optimizer step 212108
{"world_size": 4, "tokens_per_optimizer_step": 131072, "micro_batch_size": 4, "gradient_accumulation_steps": 1, "eval_micro_batch_size": 1, "train_tokens": 996031203, "validation_tokens": 5079660, "sequence_length": 8192, "model_max_context": 8192, "dataset_manifest_sha256": "4454a741a4972742676ebc787c057ccaecaa93030bab42d82c4bb8591afd5d05", "tokenizer_sha256": "21a9e8b44a54d25bd1ebc2367810c0cf298af8afa6c2ff1f0997e124f9b52dc3", "bf16": true, "compile": true, "gradient_checkpointing": false, "batch_layout": "records", "tokens_processed_at_start": 10100015104, "schedule_reference_tokens_per_step": null}
{"step": 212110, "tokens_processed": 10100277248, "train_loss": 2.414855480194092, "lr": 2.9617945831781163e-05, "grad_norm": 0.6200287342071533, "tokens_per_second": 7320.123195222489, "gpu_memory_gib": 28.127673149108887}
{"step": 212120, "tokens_processed": 10101587968, "train_loss": 2.427478075027466, "lr": 2.9604344856640873e-05, "grad_norm": 0.5454719662666321, "tokens_per_second": 193703.56793352417, "gpu_memory_gib": 27.930435180664062}
{"step": 212130, "tokens_processed": 10102898688, "train_loss": 2.367584228515625, "lr": 2.9590509600654175e-05, "grad_norm": 0.6102447509765625, "tokens_per_second": 252689.66611464703, "gpu_memory_gib": 27.930435180664062}
{"step": 212140, "tokens_processed": 10104209408, "train_loss": 2.2967989444732666, "lr": 2.9576440311169205e-05, "grad_norm": 0.5891104936599731, "tokens_per_second": 266774.16118760186, "gpu_memory_gib": 27.930435180664062}
{"step": 212150, "tokens_processed": 10105520128, "train_loss": 2.3692355155944824, "lr": 2.9562137239718206e-05, "grad_norm": 0.5600669384002686, "tokens_per_second": 266065.627228195, "gpu_memory_gib": 27.930435180664062}
{"step": 212160, "tokens_processed": 10106830848, "train_loss": 2.3324713706970215, "lr": 2.9547600642012974e-05, "grad_norm": 0.5726469159126282, "tokens_per_second": 282347.81103515177, "gpu_memory_gib": 27.930435180664062}
{"step": 212170, "tokens_processed": 10108141568, "train_loss": 2.412605047225952, "lr": 2.9532830777940326e-05, "grad_norm": 0.8812698721885681, "tokens_per_second": 276357.641806853, "gpu_memory_gib": 27.930435180664062}
{"step": 212180, "tokens_processed": 10109452288, "train_loss": 2.468593120574951, "lr": 2.9517827911557438e-05, "grad_norm": 0.5962463617324829, "tokens_per_second": 277896.62668006157, "gpu_memory_gib": 27.930435180664062}
{"step": 212190, "tokens_processed": 10110763008, "train_loss": 2.4264791011810303, "lr": 2.9502592311087116e-05, "grad_norm": 0.6209972500801086, "tokens_per_second": 273163.7025939482, "gpu_memory_gib": 27.930435180664062}
{"step": 212200, "tokens_processed": 10112073728, "train_loss": 2.4021713733673096, "lr": 2.948712424891302e-05, "grad_norm": 0.5651400685310364, "tokens_per_second": 287787.92580426746, "gpu_memory_gib": 27.930435180664062}
{"step": 212210, "tokens_processed": 10113384448, "train_loss": 2.424300193786621, "lr": 2.9471424001574783e-05, "grad_norm": 0.6088705658912659, "tokens_per_second": 281580.6697045136, "gpu_memory_gib": 27.930435180664062}
{"step": 212220, "tokens_processed": 10114695168, "train_loss": 2.505065441131592, "lr": 2.9455491849763065e-05, "grad_norm": 0.5731685161590576, "tokens_per_second": 282849.3628085353, "gpu_memory_gib": 27.930435180664062}
{"step": 212230, "tokens_processed": 10116005888, "train_loss": 2.2600886821746826, "lr": 2.9439328078314536e-05, "grad_norm": 0.5634195804595947, "tokens_per_second": 283792.7623755374, "gpu_memory_gib": 27.930435180664062}
{"step": 212240, "tokens_processed": 10117316608, "train_loss": 2.4336771965026855, "lr": 2.9422932976206803e-05, "grad_norm": 0.5939765572547913, "tokens_per_second": 281335.94847486063, "gpu_memory_gib": 27.930435180664062}
{"step": 212250, "tokens_processed": 10118627328, "train_loss": 2.4393362998962402, "lr": 2.9406306836553205e-05, "grad_norm": 0.6055234670639038, "tokens_per_second": 282066.7913127405, "gpu_memory_gib": 27.930435180664062}
{"step": 212260, "tokens_processed": 10119938048, "train_loss": 2.3484909534454346, "lr": 2.9389449956597605e-05, "grad_norm": 0.5574061274528503, "tokens_per_second": 284139.40039920894, "gpu_memory_gib": 27.930435180664062}
{"step": 212270, "tokens_processed": 10121248768, "train_loss": 2.5220260620117188, "lr": 2.937236263770907e-05, "grad_norm": 0.5701506733894348, "tokens_per_second": 287140.91193650785, "gpu_memory_gib": 27.930435180664062}
{"step": 212280, "tokens_processed": 10122559488, "train_loss": 2.466827869415283, "lr": 2.935504518537646e-05, "grad_norm": 0.5716755390167236, "tokens_per_second": 288175.648886676, "gpu_memory_gib": 27.930435180664062}
{"step": 212290, "tokens_processed": 10123870208, "train_loss": 2.513946771621704, "lr": 2.9337497909203004e-05, "grad_norm": 0.5884379148483276, "tokens_per_second": 284163.4539685756, "gpu_memory_gib": 27.930435180664062}
{"step": 212300, "tokens_processed": 10125180928, "train_loss": 2.3475124835968018, "lr": 2.9319721122900744e-05, "grad_norm": 0.5607444047927856, "tokens_per_second": 271886.322514164, "gpu_memory_gib": 27.930435180664062}
{"step": 212310, "tokens_processed": 10126491648, "train_loss": 2.4476311206817627, "lr": 2.9301715144284916e-05, "grad_norm": 0.5675697326660156, "tokens_per_second": 257543.19868309944, "gpu_memory_gib": 27.930435180664062}
{"step": 212320, "tokens_processed": 10127802368, "train_loss": 2.422159194946289, "lr": 2.9283480295268286e-05, "grad_norm": 0.5788851976394653, "tokens_per_second": 266480.2030511624, "gpu_memory_gib": 27.930435180664062}
{"step": 212330, "tokens_processed": 10129113088, "train_loss": 2.5327751636505127, "lr": 2.9265016901855395e-05, "grad_norm": 0.5752232670783997, "tokens_per_second": 277596.4806297778, "gpu_memory_gib": 27.930435180664062}
{"step": 212340, "tokens_processed": 10130423808, "train_loss": 2.4221394062042236, "lr": 2.9246325294136714e-05, "grad_norm": 0.5957300662994385, "tokens_per_second": 288231.8956991978, "gpu_memory_gib": 27.930435180664062}
{"step": 212350, "tokens_processed": 10131734528, "train_loss": 2.449307441711426, "lr": 2.9227405806282762e-05, "grad_norm": 0.5443347096443176, "tokens_per_second": 283666.5863452926, "gpu_memory_gib": 27.930435180664062}
{"step": 212360, "tokens_processed": 10133045248, "train_loss": 2.4306640625, "lr": 2.920825877653812e-05, "grad_norm": 0.5618636608123779, "tokens_per_second": 286421.30002184206, "gpu_memory_gib": 27.930435180664062}
{"step": 212370, "tokens_processed": 10134355968, "train_loss": 2.4754724502563477, "lr": 2.9188884547215387e-05, "grad_norm": 0.6319372653961182, "tokens_per_second": 280298.1292063686, "gpu_memory_gib": 27.930435180664062}
{"step": 212380, "tokens_processed": 10135666688, "train_loss": 2.3574230670928955, "lr": 2.9169283464689053e-05, "grad_norm": 0.6088551878929138, "tokens_per_second": 274676.5228084137, "gpu_memory_gib": 27.930435180664062}
{"step": 212390, "tokens_processed": 10136977408, "train_loss": 2.3557136058807373, "lr": 2.9149455879389324e-05, "grad_norm": 0.5509558916091919, "tokens_per_second": 277276.2939223235, "gpu_memory_gib": 27.930435180664062}
{"step": 212400, "tokens_processed": 10138288128, "train_loss": 2.3969054222106934, "lr": 2.912940214579584e-05, "grad_norm": 0.6095657348632812, "tokens_per_second": 281903.3490337926, "gpu_memory_gib": 27.930435180664062}
{"step": 212410, "tokens_processed": 10139598848, "train_loss": 2.454935073852539, "lr": 2.9109122622431345e-05, "grad_norm": 0.5722841024398804, "tokens_per_second": 281144.03599317727, "gpu_memory_gib": 27.930435180664062}
{"step": 212420, "tokens_processed": 10140909568, "train_loss": 2.367189645767212, "lr": 2.9088617671855276e-05, "grad_norm": 0.5964559316635132, "tokens_per_second": 290714.15369377355, "gpu_memory_gib": 27.930435180664062}
{"step": 212430, "tokens_processed": 10142220288, "train_loss": 2.4044599533081055, "lr": 2.9067887660657284e-05, "grad_norm": 0.614489734172821, "tokens_per_second": 273381.9249556852, "gpu_memory_gib": 27.930435180664062}
{"step": 212440, "tokens_processed": 10143531008, "train_loss": 2.291093587875366, "lr": 2.9046932959450678e-05, "grad_norm": 0.5689376592636108, "tokens_per_second": 286892.4574124784, "gpu_memory_gib": 27.930435180664062}
{"step": 212450, "tokens_processed": 10144841728, "train_loss": 2.301560163497925, "lr": 2.9025753942865788e-05, "grad_norm": 0.5441927909851074, "tokens_per_second": 285267.1377510879, "gpu_memory_gib": 27.930435180664062}
{"step": 212460, "tokens_processed": 10146152448, "train_loss": 2.4419732093811035, "lr": 2.9004350989543286e-05, "grad_norm": 0.6056562066078186, "tokens_per_second": 281515.47541434295, "gpu_memory_gib": 27.930435180664062}
{"step": 212470, "tokens_processed": 10147463168, "train_loss": 2.4032278060913086, "lr": 2.898272448212741e-05, "grad_norm": 0.5602730512619019, "tokens_per_second": 290943.9115688045, "gpu_memory_gib": 27.930435180664062}
{"step": 212480, "tokens_processed": 10148773888, "train_loss": 2.4502828121185303, "lr": 2.8960874807259124e-05, "grad_norm": 0.570301353931427, "tokens_per_second": 269906.3542009355, "gpu_memory_gib": 27.930435180664062}
{"step": 212490, "tokens_processed": 10150084608, "train_loss": 2.3823602199554443, "lr": 2.893880235556919e-05, "grad_norm": 0.5643525123596191, "tokens_per_second": 279022.68926420703, "gpu_memory_gib": 27.930435180664062}
{"step": 212500, "tokens_processed": 10151395328, "train_loss": 2.416813373565674, "lr": 2.8916507521671206e-05, "grad_norm": 0.5824753642082214, "tokens_per_second": 286470.51917914394, "gpu_memory_gib": 27.930435180664062}
{"step": 212500, "validation_loss": 2.3384041786193848, "validation_nats_per_byte": 0.5845061423501834}
{"step": 212510, "tokens_processed": 10152706048, "train_loss": 2.4084384441375732, "lr": 2.8893990704154546e-05, "grad_norm": 0.589491605758667, "tokens_per_second": 67167.9156857799, "gpu_memory_gib": 27.930435180664062}
{"step": 212520, "tokens_processed": 10154016768, "train_loss": 2.285573720932007, "lr": 2.8871252305577223e-05, "grad_norm": 0.6118854284286499, "tokens_per_second": 276756.1641110892, "gpu_memory_gib": 27.930435180664062}
{"step": 212530, "tokens_processed": 10155327488, "train_loss": 2.3123321533203125, "lr": 2.88482927324587e-05, "grad_norm": 0.5641982555389404, "tokens_per_second": 285378.0722863983, "gpu_memory_gib": 27.930435180664062}
{"step": 212540, "tokens_processed": 10156638208, "train_loss": 2.3515567779541016, "lr": 2.8825112395272633e-05, "grad_norm": 0.5515240430831909, "tokens_per_second": 270915.13256411796, "gpu_memory_gib": 27.930435180664062}
{"step": 212550, "tokens_processed": 10157948928, "train_loss": 2.3886256217956543, "lr": 2.8801711708439505e-05, "grad_norm": 0.676224946975708, "tokens_per_second": 273113.3230440312, "gpu_memory_gib": 27.930435180664062}
{"step": 212560, "tokens_processed": 10159259648, "train_loss": 2.481566905975342, "lr": 2.877809109031924e-05, "grad_norm": 0.6210758090019226, "tokens_per_second": 274873.0073326443, "gpu_memory_gib": 27.930435180664062}
{"step": 212570, "tokens_processed": 10160570368, "train_loss": 2.3715381622314453, "lr": 2.8754250963203713e-05, "grad_norm": 0.5634150505065918, "tokens_per_second": 259396.2504855196, "gpu_memory_gib": 27.930435180664062}
{"step": 212580, "tokens_processed": 10161881088, "train_loss": 2.4018406867980957, "lr": 2.8730191753309216e-05, "grad_norm": 0.5983507633209229, "tokens_per_second": 275103.72261083336, "gpu_memory_gib": 27.930435180664062}
{"step": 212590, "tokens_processed": 10163191808, "train_loss": 2.266977310180664, "lr": 2.870591389076881e-05, "grad_norm": 0.5559530854225159, "tokens_per_second": 278182.93537334946, "gpu_memory_gib": 27.930435180664062}
{"step": 212600, "tokens_processed": 10164502528, "train_loss": 2.3296689987182617, "lr": 2.8681417809624665e-05, "grad_norm": 0.5654163360595703, "tokens_per_second": 278944.526971125, "gpu_memory_gib": 27.930435180664062}
{"step": 212610, "tokens_processed": 10165813248, "train_loss": 2.3691980838775635, "lr": 2.8656703947820274e-05, "grad_norm": 0.554308295249939, "tokens_per_second": 282396.2965484401, "gpu_memory_gib": 27.930435180664062}
{"step": 212620, "tokens_processed": 10167123968, "train_loss": 2.297044277191162, "lr": 2.8631772747192638e-05, "grad_norm": 0.539837121963501, "tokens_per_second": 280379.7919344957, "gpu_memory_gib": 27.930435180664062}
{"step": 212630, "tokens_processed": 10168434688, "train_loss": 2.3408522605895996, "lr": 2.860662465346437e-05, "grad_norm": 0.5498013496398926, "tokens_per_second": 278216.48751431966, "gpu_memory_gib": 27.930435180664062}
{"step": 212640, "tokens_processed": 10169745408, "train_loss": 2.428626775741577, "lr": 2.8581260116235717e-05, "grad_norm": 0.5895472168922424, "tokens_per_second": 268102.9476560145, "gpu_memory_gib": 27.930435180664062}
{"step": 212650, "tokens_processed": 10171056128, "train_loss": 2.4436440467834473, "lr": 2.8555679588976527e-05, "grad_norm": 0.5660374164581299, "tokens_per_second": 274727.8725796899, "gpu_memory_gib": 27.930435180664062}
{"step": 212660, "tokens_processed": 10172366848, "train_loss": 2.2772440910339355, "lr": 2.8529883529018133e-05, "grad_norm": 0.5761078000068665, "tokens_per_second": 285039.8808843379, "gpu_memory_gib": 27.930435180664062}
{"step": 212670, "tokens_processed": 10173677568, "train_loss": 2.3813886642456055, "lr": 2.85038723975452e-05, "grad_norm": 0.5727260112762451, "tokens_per_second": 277592.83897002885, "gpu_memory_gib": 27.930435180664062}
{"step": 212680, "tokens_processed": 10174988288, "train_loss": 2.3975186347961426, "lr": 2.8477646659587442e-05, "grad_norm": 0.539340615272522, "tokens_per_second": 284203.65970112866, "gpu_memory_gib": 27.930435180664062}
{"step": 212690, "tokens_processed": 10176299008, "train_loss": 2.4325509071350098, "lr": 2.8451206784011347e-05, "grad_norm": 0.569827139377594, "tokens_per_second": 292487.29524205404, "gpu_memory_gib": 27.930435180664062}
{"step": 212700, "tokens_processed": 10177609728, "train_loss": 2.372671127319336, "lr": 2.8424553243511778e-05, "grad_norm": 0.6056938171386719, "tokens_per_second": 285125.5141698082, "gpu_memory_gib": 27.930435180664062}
{"step": 212710, "tokens_processed": 10178920448, "train_loss": 2.340789556503296, "lr": 2.839768651460351e-05, "grad_norm": 0.5780829191207886, "tokens_per_second": 282271.34445132356, "gpu_memory_gib": 27.930435180664062}
{"step": 212720, "tokens_processed": 10180231168, "train_loss": 2.3962748050689697, "lr": 2.837060707761273e-05, "grad_norm": 0.5628364682197571, "tokens_per_second": 268676.4711264306, "gpu_memory_gib": 27.930435180664062}
{"step": 212730, "tokens_processed": 10181541888, "train_loss": 2.393261432647705, "lr": 2.8343315416668447e-05, "grad_norm": 0.574306309223175, "tokens_per_second": 284798.2618828036, "gpu_memory_gib": 27.930435180664062}
{"step": 212740, "tokens_processed": 10182852608, "train_loss": 2.31990647315979, "lr": 2.8315812019693818e-05, "grad_norm": 0.5700519680976868, "tokens_per_second": 280440.3817751947, "gpu_memory_gib": 27.930435180664062}
{"step": 212750, "tokens_processed": 10184163328, "train_loss": 2.4543347358703613, "lr": 2.8288097378397457e-05, "grad_norm": 0.615381121635437, "tokens_per_second": 273479.27198691136, "gpu_memory_gib": 27.930435180664062}
{"step": 212760, "tokens_processed": 10185474048, "train_loss": 2.374171018600464, "lr": 2.8260171988264614e-05, "grad_norm": 0.567209780216217, "tokens_per_second": 279500.7689789, "gpu_memory_gib": 27.930435180664062}
{"step": 212770, "tokens_processed": 10186784768, "train_loss": 2.4261155128479004, "lr": 2.8232036348548324e-05, "grad_norm": 0.5539655685424805, "tokens_per_second": 287582.3543116357, "gpu_memory_gib": 27.930435180664062}
{"step": 212780, "tokens_processed": 10188095488, "train_loss": 2.529801607131958, "lr": 2.82036909622605e-05, "grad_norm": 0.5663403272628784, "tokens_per_second": 286134.9261679018, "gpu_memory_gib": 27.930435180664062}
{"step": 212790, "tokens_processed": 10189406208, "train_loss": 2.42676043510437, "lr": 2.8175136336162917e-05, "grad_norm": 0.5694175958633423, "tokens_per_second": 283548.5483033554, "gpu_memory_gib": 27.930435180664062}
{"step": 212800, "tokens_processed": 10190716928, "train_loss": 2.5060651302337646, "lr": 2.8146372980758164e-05, "grad_norm": 0.57805997133255, "tokens_per_second": 288465.62402754975, "gpu_memory_gib": 27.930435180664062}
{"step": 212810, "tokens_processed": 10192027648, "train_loss": 2.39926815032959, "lr": 2.8117401410280515e-05, "grad_norm": 0.5731825828552246, "tokens_per_second": 270609.86371245293, "gpu_memory_gib": 27.930435180664062}
{"step": 212820, "tokens_processed": 10193338368, "train_loss": 2.4410111904144287, "lr": 2.8088222142686735e-05, "grad_norm": 0.590631365776062, "tokens_per_second": 280779.70864835836, "gpu_memory_gib": 27.930435180664062}
{"step": 212830, "tokens_processed": 10194649088, "train_loss": 2.411661386489868, "lr": 2.8058835699646818e-05, "grad_norm": 0.5556222200393677, "tokens_per_second": 279915.97205210984, "gpu_memory_gib": 27.930435180664062}
{"step": 212840, "tokens_processed": 10195959808, "train_loss": 2.4717321395874023, "lr": 2.8029242606534663e-05, "grad_norm": 0.6854584813117981, "tokens_per_second": 276591.83352264535, "gpu_memory_gib": 27.930435180664062}
{"step": 212850, "tokens_processed": 10197270528, "train_loss": 2.4750232696533203, "lr": 2.7999443392418675e-05, "grad_norm": 0.5806199908256531, "tokens_per_second": 275890.69154229044, "gpu_memory_gib": 27.930435180664062}
{"step": 212860, "tokens_processed": 10198581248, "train_loss": 2.3300652503967285, "lr": 2.7969438590052317e-05, "grad_norm": 0.5882743000984192, "tokens_per_second": 271769.8657590206, "gpu_memory_gib": 27.930435180664062}
{"step": 212870, "tokens_processed": 10199891968, "train_loss": 2.3653321266174316, "lr": 2.7939228735864594e-05, "grad_norm": 0.6259052157402039, "tokens_per_second": 271166.4116980514, "gpu_memory_gib": 27.930435180664062}
{"step": 212880, "tokens_processed": 10201202688, "train_loss": 2.2798445224761963, "lr": 2.7908814369950423e-05, "grad_norm": 0.5847245454788208, "tokens_per_second": 284484.95314346923, "gpu_memory_gib": 27.930435180664062}
{"step": 212890, "tokens_processed": 10202513408, "train_loss": 2.4579529762268066, "lr": 2.7878196036061014e-05, "grad_norm": 0.582403838634491, "tokens_per_second": 287063.81360055634, "gpu_memory_gib": 27.930435180664062}
{"step": 212900, "tokens_processed": 10203824128, "train_loss": 2.3321917057037354, "lr": 2.7847374281594148e-05, "grad_norm": 0.5435759425163269, "tokens_per_second": 286983.81517169246, "gpu_memory_gib": 27.930435180664062}
{"step": 212910, "tokens_processed": 10205134848, "train_loss": 2.4095726013183594, "lr": 2.7816349657584363e-05, "grad_norm": 0.6626807451248169, "tokens_per_second": 282099.2842046657, "gpu_memory_gib": 27.930435180664062}
{"step": 212920, "tokens_processed": 10206445568, "train_loss": 2.34975004196167, "lr": 2.778512271869314e-05, "grad_norm": 0.570830225944519, "tokens_per_second": 279258.6832882793, "gpu_memory_gib": 27.930435180664062}
{"step": 212930, "tokens_processed": 10207756288, "train_loss": 2.3184173107147217, "lr": 2.775369402319894e-05, "grad_norm": 0.5604805946350098, "tokens_per_second": 285777.9471492448, "gpu_memory_gib": 27.930435180664062}
{"step": 212940, "tokens_processed": 10209067008, "train_loss": 2.41784405708313, "lr": 2.772206413298727e-05, "grad_norm": 0.5684493780136108, "tokens_per_second": 280569.6168268515, "gpu_memory_gib": 27.930435180664062}
{"step": 212950, "tokens_processed": 10210377728, "train_loss": 2.411201238632202, "lr": 2.769023361354062e-05, "grad_norm": 0.5898987650871277, "tokens_per_second": 285448.94392870745, "gpu_memory_gib": 27.930435180664062}
{"step": 212960, "tokens_processed": 10211688448, "train_loss": 2.3351645469665527, "lr": 2.765820303392833e-05, "grad_norm": 0.5679604411125183, "tokens_per_second": 284481.0335128046, "gpu_memory_gib": 27.930435180664062}
{"step": 212970, "tokens_processed": 10212999168, "train_loss": 2.430366039276123, "lr": 2.7625972966796456e-05, "grad_norm": 0.5905423164367676, "tokens_per_second": 285393.91971303406, "gpu_memory_gib": 27.930435180664062}
{"step": 212980, "tokens_processed": 10214309888, "train_loss": 2.4283220767974854, "lr": 2.75935439883575e-05, "grad_norm": 0.5712891817092896, "tokens_per_second": 278511.24883122084, "gpu_memory_gib": 27.930435180664062}
{"step": 212990, "tokens_processed": 10215620608, "train_loss": 2.3931288719177246, "lr": 2.756091667838014e-05, "grad_norm": 0.597052276134491, "tokens_per_second": 268985.544593275, "gpu_memory_gib": 27.930435180664062}
{"step": 213000, "tokens_processed": 10216931328, "train_loss": 2.3350634574890137, "lr": 2.7528091620178815e-05, "grad_norm": 0.5408973693847656, "tokens_per_second": 273476.4316753457, "gpu_memory_gib": 27.930435180664062}
{"step": 213000, "validation_loss": 2.335319995880127, "validation_nats_per_byte": 0.5837352218345132}
{"step": 213010, "tokens_processed": 10218242048, "train_loss": 2.4700844287872314, "lr": 2.7495069400603347e-05, "grad_norm": 0.587556779384613, "tokens_per_second": 247859.65800337496, "gpu_memory_gib": 27.930435180664062}
{"step": 213020, "tokens_processed": 10219552768, "train_loss": 2.4423298835754395, "lr": 2.7461850610028445e-05, "grad_norm": 0.592178225517273, "tokens_per_second": 284894.03988276725, "gpu_memory_gib": 27.930435180664062}
{"step": 213030, "tokens_processed": 10220863488, "train_loss": 2.513674736022949, "lr": 2.7428435842343098e-05, "grad_norm": 0.5912573337554932, "tokens_per_second": 274328.7317920942, "gpu_memory_gib": 27.930435180664062}
{"step": 213040, "tokens_processed": 10222174208, "train_loss": 2.419565439224243, "lr": 2.7394825694940022e-05, "grad_norm": 0.5752514600753784, "tokens_per_second": 283193.97353203536, "gpu_memory_gib": 27.930435180664062}
{"step": 213050, "tokens_processed": 10223484928, "train_loss": 2.4038500785827637, "lr": 2.7361020768704947e-05, "grad_norm": 0.5779633522033691, "tokens_per_second": 282223.8278349799, "gpu_memory_gib": 27.930435180664062}
{"step": 213060, "tokens_processed": 10224795648, "train_loss": 2.3844330310821533, "lr": 2.7327021668005868e-05, "grad_norm": 0.5796615481376648, "tokens_per_second": 281284.31140306947, "gpu_memory_gib": 27.930435180664062}
{"step": 213070, "tokens_processed": 10226106368, "train_loss": 2.434328079223633, "lr": 2.7292829000682265e-05, "grad_norm": 0.5831270217895508, "tokens_per_second": 283283.2423142055, "gpu_memory_gib": 27.930435180664062}
{"step": 213080, "tokens_processed": 10227417088, "train_loss": 2.3922810554504395, "lr": 2.725844337803421e-05, "grad_norm": 0.6114941835403442, "tokens_per_second": 279762.90005306463, "gpu_memory_gib": 27.930435180664062}
{"step": 213090, "tokens_processed": 10228727808, "train_loss": 2.452488899230957, "lr": 2.7223865414811465e-05, "grad_norm": 0.5823953151702881, "tokens_per_second": 291669.887662712, "gpu_memory_gib": 27.930435180664062}
{"step": 213100, "tokens_processed": 10230038528, "train_loss": 2.3672642707824707, "lr": 2.718909572920247e-05, "grad_norm": 0.554017186164856, "tokens_per_second": 291557.34686294716, "gpu_memory_gib": 27.930435180664062}
{"step": 213110, "tokens_processed": 10231349248, "train_loss": 2.396996021270752, "lr": 2.715413494282329e-05, "grad_norm": 0.6298742890357971, "tokens_per_second": 291807.27129777725, "gpu_memory_gib": 27.930435180664062}
{"step": 213120, "tokens_processed": 10232659968, "train_loss": 2.3463776111602783, "lr": 2.7118983680706514e-05, "grad_norm": 0.5682458281517029, "tokens_per_second": 286488.5513409238, "gpu_memory_gib": 27.930435180664062}
{"step": 213130, "tokens_processed": 10233970688, "train_loss": 2.4022507667541504, "lr": 2.708364257129009e-05, "grad_norm": 0.5980985164642334, "tokens_per_second": 276651.0103866935, "gpu_memory_gib": 27.930435180664062}
{"step": 213140, "tokens_processed": 10235281408, "train_loss": 2.411691665649414, "lr": 2.7048112246406054e-05, "grad_norm": 0.5818253755569458, "tokens_per_second": 283594.24725345476, "gpu_memory_gib": 27.930435180664062}
{"step": 213150, "tokens_processed": 10236592128, "train_loss": 2.4811291694641113, "lr": 2.7012393341269273e-05, "grad_norm": 0.5629567503929138, "tokens_per_second": 288259.91451135714, "gpu_memory_gib": 27.930435180664062}
{"step": 213160, "tokens_processed": 10237902848, "train_loss": 2.3692626953125, "lr": 2.697648649446606e-05, "grad_norm": 1.04532790184021, "tokens_per_second": 293128.2335909458, "gpu_memory_gib": 27.930435180664062}
{"step": 213170, "tokens_processed": 10239213568, "train_loss": 2.4257757663726807, "lr": 2.6940392347942773e-05, "grad_norm": 0.577147901058197, "tokens_per_second": 278967.7029273648, "gpu_memory_gib": 27.930435180664062}
{"step": 213180, "tokens_processed": 10240524288, "train_loss": 2.413599967956543, "lr": 2.6904111546994344e-05, "grad_norm": 0.5880019664764404, "tokens_per_second": 290565.3044739741, "gpu_memory_gib": 27.930435180664062}
{"step": 213190, "tokens_processed": 10241835008, "train_loss": 2.473998785018921, "lr": 2.6867644740252708e-05, "grad_norm": 0.5763915777206421, "tokens_per_second": 290413.882200615, "gpu_memory_gib": 27.930435180664062}
{"step": 213200, "tokens_processed": 10243145728, "train_loss": 2.3185153007507324, "lr": 2.6830992579675257e-05, "grad_norm": 0.5642752051353455, "tokens_per_second": 284569.0730207745, "gpu_memory_gib": 27.930435180664062}
{"step": 213210, "tokens_processed": 10244456448, "train_loss": 2.4243717193603516, "lr": 2.6794155720533146e-05, "grad_norm": 0.5638012290000916, "tokens_per_second": 286674.4554088139, "gpu_memory_gib": 27.930435180664062}
{"step": 213220, "tokens_processed": 10245767168, "train_loss": 2.5053653717041016, "lr": 2.6757134821399587e-05, "grad_norm": 0.564606249332428, "tokens_per_second": 282841.9410638237, "gpu_memory_gib": 27.930435180664062}
{"step": 213230, "tokens_processed": 10247077888, "train_loss": 2.392937183380127, "lr": 2.6719930544138082e-05, "grad_norm": 0.5643226504325867, "tokens_per_second": 288365.93886017724, "gpu_memory_gib": 27.930435180664062}
{"step": 213240, "tokens_processed": 10248388608, "train_loss": 2.3242437839508057, "lr": 2.668254355389059e-05, "grad_norm": 0.5765461921691895, "tokens_per_second": 283439.2126081686, "gpu_memory_gib": 27.930435180664062}
{"step": 213250, "tokens_processed": 10249699328, "train_loss": 2.3246419429779053, "lr": 2.664497451906563e-05, "grad_norm": 0.584281325340271, "tokens_per_second": 291138.1523244215, "gpu_memory_gib": 27.930435180664062}
{"step": 213253, "validation_loss": 2.3331055641174316, "validation_nats_per_byte": 0.5831817037648205}
{"output": "/public/home/u43077/lzh/outputs/minillm-general/new-model-v1/benchmarks/long-context-trajectory/step-00213253.json.attempt-49637-1.tmp", "long_loss": 2.3801077931884644, "cache_parity": true}
{"task": "ceval", "examples": 1346, "subjects": 52, "random_accuracy": 0.25, "candidate_sequences": 10768, "scored_tokens": 53820, "elapsed_seconds": 14.562762007117271, "metrics": {"label": {"examples": 1346, "correct": 334, "correct_normalized": 334, "accuracy": 0.24814264487369986, "accuracy_normalized": 0.24814264487369986, "standard_error": 0.01177323735774117, "standard_error_normalized": 0.01177323735774117}, "content": {"examples": 1346, "correct": 349, "correct_normalized": 430, "accuracy": 0.25928677563150077, "accuracy_normalized": 0.31946508172362553, "standard_error": 0.011945180119767985, "standard_error_normalized": 0.012709087647362335}}, "available_examples": 1346}
{"task": "cmmlu", "examples": 2000, "subjects": 67, "random_accuracy": 0.25, "candidate_sequences": 16000, "scored_tokens": 65866, "elapsed_seconds": 16.21787774004042, "metrics": {"label": {"examples": 2000, "correct": 495, "correct_normalized": 495, "accuracy": 0.2475, "accuracy_normalized": 0.2475, "standard_error": 0.009649967616525975, "standard_error_normalized": 0.009649967616525975}, "content": {"examples": 2000, "correct": 527, "correct_normalized": 568, "accuracy": 0.2635, "accuracy_normalized": 0.284, "standard_error": 0.009850577394244461, "standard_error_normalized": 0.010083253443209686}}, "available_examples": 11582}
{"task": "arc_easy", "examples": 570, "subjects": 1, "random_accuracy": 0.24997076023391815, "candidate_sequences": 4562, "scored_tokens": 15607, "elapsed_seconds": 4.444159246981144, "metrics": {"label": {"examples": 570, "correct": 145, "correct_normalized": 145, "accuracy": 0.2543859649122807, "accuracy_normalized": 0.2543859649122807, "standard_error": 0.018241736690556468, "standard_error_normalized": 0.018241736690556468}, "content": {"examples": 570, "correct": 192, "correct_normalized": 154, "accuracy": 0.3368421052631579, "accuracy_normalized": 0.27017543859649124, "standard_error": 0.01979630930448957, "standard_error_normalized": 0.01859922045978615}}, "available_examples": 570}
{"task": "arc_challenge", "examples": 299, "subjects": 1, "random_accuracy": 0.2506688963210703, "candidate_sequences": 2388, "scored_tokens": 9938, "elapsed_seconds": 2.3623471576720476, "metrics": {"label": {"examples": 299, "correct": 71, "correct_normalized": 71, "accuracy": 0.23745819397993312, "accuracy_normalized": 0.23745819397993312, "standard_error": 0.024608764793353343, "standard_error_normalized": 0.024608764793353343}, "content": {"examples": 299, "correct": 55, "correct_normalized": 67, "accuracy": 0.18394648829431437, "accuracy_normalized": 0.22408026755852842, "standard_error": 0.02240626537873774, "standard_error_normalized": 0.02411429732093315}}, "available_examples": 299}
{"task": "hellaswag", "examples": 2000, "subjects": 168, "random_accuracy": 0.25, "candidate_sequences": 8000, "scored_tokens": 300070, "elapsed_seconds": 8.398211179301143, "metrics": {"ending": {"examples": 2000, "correct": 531, "correct_normalized": 573, "accuracy": 0.2655, "accuracy_normalized": 0.2865, "standard_error": 0.009874455681200862, "standard_error_normalized": 0.010109840503192916}}, "available_examples": 10042}
{"output": "/public/home/u43077/lzh/outputs/minillm-general/new-model-v1/benchmarks/long-context-capability/step-00213253.json.attempt-49637-1.tmp"}
2026-07-31 10:28:45 +0000
GPU 0: NVIDIA A100-SXM4-40GB (UUID: GPU-756ef8c7-0e32-392f-1e8c-4caa95b553ff)
GPU 1: NVIDIA A100-SXM4-40GB (UUID: GPU-05a31dc4-ac5d-9ae1-baba-16f2b7d2e368)
GPU 2: NVIDIA A100-SXM4-40GB (UUID: GPU-b6144eb8-e087-31ab-133d-06d192d997d3)
GPU 3: NVIDIA A100-SXM4-40GB (UUID: GPU-abb600dd-a171-16dd-a112-ea45d38b4c53)
resume=/public/home/u43077/lzh/outputs/minillm-general/new-model-v1/160m-openbpe-32k-8k/latest.pt start_step=213253 target_step=215160 stage_start=211345 stage_end=218975 world_size=4 tokens_per_rank_step=32768 tokens_per_step=131072 eval_micro_batch=1 omp_threads=8
[W731 10:29:00.007066248 socket.cpp:204] [c10d] The hostname of the client socket cannot be retrieved. err=-3
[W731 10:29:12.037055756 socket.cpp:204] [c10d] The hostname of the client socket cannot be retrieved. err=-3
[W731 10:29:29.705083147 socket.cpp:204] [c10d] The hostname of the client socket cannot be retrieved. err=-3
[W731 10:29:29.705079906 socket.cpp:204] [c10d] The hostname of the client socket cannot be retrieved. err=-3
[W731 10:29:29.705083271 socket.cpp:204] [c10d] The hostname of the client socket cannot be retrieved. err=-3
[W731 10:29:29.705090110 socket.cpp:204] [c10d] The hostname of the client socket cannot be retrieved. err=-3
[W731 10:29:41.729054376 socket.cpp:204] [c10d] The hostname of the client socket cannot be retrieved. err=-3
[W731 10:29:53.753053840 socket.cpp:204] [c10d] The hostname of the client socket cannot be retrieved. err=-3
[W731 10:30:05.777056836 socket.cpp:204] [c10d] The hostname of the client socket cannot be retrieved. err=-3
[W731 10:30:17.801051959 socket.cpp:204] [c10d] The hostname of the client socket cannot be retrieved. err=-3
{"config": {"vocab_size": 32768, "block_size": 8192, "n_layer": 22, "n_head": 12, "n_embd": 768, "fused_qkv": true, "dropout": 0.0, "bias": false, "position_encoding": "rope", "rope_theta": 1000000.0, "sinusoidal_theta": 10000.0, "norm_type": "rmsnorm", "norm_eps": 1e-06, "mlp_type": "swiglu", "activation": "silu", "intermediate_size": 2048, "num_key_value_heads": 4, "qk_norm": true, "use_sdpa": true, "scale_residual_init": true}, "parameters": 163615232}
resumed /public/home/u43077/lzh/outputs/minillm-general/new-model-v1/160m-openbpe-32k-8k/step-00213253.pt at optimizer step 213253
{"world_size": 4, "tokens_per_optimizer_step": 131072, "micro_batch_size": 4, "gradient_accumulation_steps": 1, "eval_micro_batch_size": 1, "train_tokens": 996031203, "validation_tokens": 5079660, "sequence_length": 8192, "model_max_context": 8192, "dataset_manifest_sha256": "4454a741a4972742676ebc787c057ccaecaa93030bab42d82c4bb8591afd5d05", "tokenizer_sha256": "21a9e8b44a54d25bd1ebc2367810c0cf298af8afa6c2ff1f0997e124f9b52dc3", "bf16": true, "compile": true, "gradient_checkpointing": false, "batch_layout": "records", "tokens_processed_at_start": 10250092544, "schedule_reference_tokens_per_step": null}
{"step": 213260, "tokens_processed": 10251010048, "train_loss": 2.4704337120056152, "lr": 2.6607224111326327e-05, "grad_norm": 0.5982134938240051, "tokens_per_second": 19955.407987791074, "gpu_memory_gib": 28.124865531921387}
{"step": 213270, "tokens_processed": 10252320768, "train_loss": 2.449690341949463, "lr": 2.6569293005578414e-05, "grad_norm": 0.5856078863143921, "tokens_per_second": 231054.51217407352, "gpu_memory_gib": 27.92666006088257}
{"step": 213280, "tokens_processed": 10253631488, "train_loss": 2.4576704502105713, "lr": 2.6531181879958167e-05, "grad_norm": 0.5552430748939514, "tokens_per_second": 260038.79868686068, "gpu_memory_gib": 27.92666006088257}
{"step": 213290, "tokens_processed": 10254942208, "train_loss": 2.3942713737487793, "lr": 2.6492891415820272e-05, "grad_norm": 0.589148223400116, "tokens_per_second": 256587.38005391182, "gpu_memory_gib": 27.92666006088257}
{"step": 213300, "tokens_processed": 10256252928, "train_loss": 2.419405460357666, "lr": 2.6454422297725642e-05, "grad_norm": 0.5936809778213501, "tokens_per_second": 279329.25518229284, "gpu_memory_gib": 27.92666006088257}
{"step": 213310, "tokens_processed": 10257563648, "train_loss": 2.4895095825195312, "lr": 2.64157752134292e-05, "grad_norm": 0.5876772403717041, "tokens_per_second": 277441.9277016409, "gpu_memory_gib": 27.92666006088257}
{"step": 213320, "tokens_processed": 10258874368, "train_loss": 2.4971306324005127, "lr": 2.637695085386754e-05, "grad_norm": 0.6238262057304382, "tokens_per_second": 281437.11058574996, "gpu_memory_gib": 27.92666006088257}
{"step": 213330, "tokens_processed": 10260185088, "train_loss": 2.3031258583068848, "lr": 2.6337949913146628e-05, "grad_norm": 0.5750196576118469, "tokens_per_second": 289164.59677601344, "gpu_memory_gib": 27.92666006088257}
{"step": 213340, "tokens_processed": 10261495808, "train_loss": 2.3370983600616455, "lr": 2.629877308852936e-05, "grad_norm": 0.5593862533569336, "tokens_per_second": 279769.8919107723, "gpu_memory_gib": 27.92666006088257}
{"step": 213350, "tokens_processed": 10262806528, "train_loss": 2.3519206047058105, "lr": 2.625942108042309e-05, "grad_norm": 0.5810622572898865, "tokens_per_second": 285542.97695305716, "gpu_memory_gib": 27.92666006088257}
{"step": 213360, "tokens_processed": 10264117248, "train_loss": 2.4961628913879395, "lr": 2.6219894592367138e-05, "grad_norm": 0.5567141175270081, "tokens_per_second": 272807.3456529948, "gpu_memory_gib": 27.92666006088257}
{"step": 213370, "tokens_processed": 10265427968, "train_loss": 2.4741714000701904, "lr": 2.618019433102019e-05, "grad_norm": 0.5687314867973328, "tokens_per_second": 279284.1688022831, "gpu_memory_gib": 27.92666006088257}
{"step": 213380, "tokens_processed": 10266738688, "train_loss": 2.326216697692871, "lr": 2.6140321006147655e-05, "grad_norm": 0.58423912525177, "tokens_per_second": 282562.9343148821, "gpu_memory_gib": 27.92666006088257}
{"step": 213390, "tokens_processed": 10268049408, "train_loss": 2.471137046813965, "lr": 2.6100275330609007e-05, "grad_norm": 0.5689560174942017, "tokens_per_second": 280938.06327952206, "gpu_memory_gib": 27.92666006088257}
{"step": 213400, "tokens_processed": 10269360128, "train_loss": 2.2927491664886475, "lr": 2.6060058020345016e-05, "grad_norm": 0.5287298560142517, "tokens_per_second": 290601.2316726091, "gpu_memory_gib": 27.92666006088257}
{"step": 213410, "tokens_processed": 10270670848, "train_loss": 2.429236888885498, "lr": 2.601966979436496e-05, "grad_norm": 0.5724528431892395, "tokens_per_second": 279503.86258954374, "gpu_memory_gib": 27.92666006088257}
{"step": 213420, "tokens_processed": 10271981568, "train_loss": 2.369643449783325, "lr": 2.5979111374733756e-05, "grad_norm": 0.5637325048446655, "tokens_per_second": 257477.60584475918, "gpu_memory_gib": 27.92666006088257}
{"step": 213430, "tokens_processed": 10273292288, "train_loss": 2.4046170711517334, "lr": 2.593838348655907e-05, "grad_norm": 0.5654364824295044, "tokens_per_second": 278063.5865221378, "gpu_memory_gib": 27.92666006088257}
{"step": 213440, "tokens_processed": 10274603008, "train_loss": 2.419139862060547, "lr": 2.589748685797835e-05, "grad_norm": 0.6564202308654785, "tokens_per_second": 287602.8439967595, "gpu_memory_gib": 27.92666006088257}
{"step": 213450, "tokens_processed": 10275913728, "train_loss": 2.351858377456665, "lr": 2.5856422220145783e-05, "grad_norm": 0.6759030222892761, "tokens_per_second": 294416.76614283427, "gpu_memory_gib": 27.92666006088257}
{"step": 213460, "tokens_processed": 10277224448, "train_loss": 2.4088518619537354, "lr": 2.581519030721926e-05, "grad_norm": 0.5400835871696472, "tokens_per_second": 282524.8621524432, "gpu_memory_gib": 27.92666006088257}
{"step": 213470, "tokens_processed": 10278535168, "train_loss": 2.4352641105651855, "lr": 2.5773791856347222e-05, "grad_norm": 0.5450814366340637, "tokens_per_second": 282520.9405408235, "gpu_memory_gib": 27.92666006088257}
{"step": 213480, "tokens_processed": 10279845888, "train_loss": 2.3984053134918213, "lr": 2.573222760765551e-05, "grad_norm": 0.5946647524833679, "tokens_per_second": 287255.3360968516, "gpu_memory_gib": 27.92666006088257}
{"step": 213490, "tokens_processed": 10281156608, "train_loss": 2.405991315841675, "lr": 2.569049830423409e-05, "grad_norm": 0.7328493595123291, "tokens_per_second": 285235.90163782384, "gpu_memory_gib": 27.92666006088257}
{"step": 213500, "tokens_processed": 10282467328, "train_loss": 2.428906202316284, "lr": 2.5648604692123823e-05, "grad_norm": 0.5807712078094482, "tokens_per_second": 286837.7980681235, "gpu_memory_gib": 27.92666006088257}
{"step": 213500, "validation_loss": 2.3309569358825684, "validation_nats_per_byte": 0.5826446339065011}
{"step": 213510, "tokens_processed": 10283778048, "train_loss": 2.2431888580322266, "lr": 2.5606547520303074e-05, "grad_norm": 0.6048088669776917, "tokens_per_second": 60875.72905847676, "gpu_memory_gib": 27.92666006088257}
{"step": 213520, "tokens_processed": 10285088768, "train_loss": 2.4308271408081055, "lr": 2.5564327540674357e-05, "grad_norm": 0.6157715320587158, "tokens_per_second": 260442.20096729443, "gpu_memory_gib": 27.92666006088257}
{"step": 213530, "tokens_processed": 10286399488, "train_loss": 2.366024971008301, "lr": 2.552194550805088e-05, "grad_norm": 0.5757968425750732, "tokens_per_second": 263983.16250927874, "gpu_memory_gib": 27.92666006088257}
{"step": 213540, "tokens_processed": 10287710208, "train_loss": 2.493570327758789, "lr": 2.5479402180143048e-05, "grad_norm": 0.599383533000946, "tokens_per_second": 264197.84894586384, "gpu_memory_gib": 27.92666006088257}
{"step": 213550, "tokens_processed": 10289020928, "train_loss": 2.4712910652160645, "lr": 2.543669831754492e-05, "grad_norm": 0.6006812453269958, "tokens_per_second": 267777.26260609925, "gpu_memory_gib": 27.92666006088257}
{"step": 213560, "tokens_processed": 10290331648, "train_loss": 2.3972373008728027, "lr": 2.5393834683720618e-05, "grad_norm": 0.564807116985321, "tokens_per_second": 286005.5791928173, "gpu_memory_gib": 27.92666006088257}
{"step": 213570, "tokens_processed": 10291642368, "train_loss": 2.397603750228882, "lr": 2.5350812044990667e-05, "grad_norm": 0.5767126083374023, "tokens_per_second": 269089.62955563026, "gpu_memory_gib": 27.92666006088257}
{"step": 213580, "tokens_processed": 10292953088, "train_loss": 2.3617923259735107, "lr": 2.530763117051829e-05, "grad_norm": 0.5495719909667969, "tokens_per_second": 272181.34901240165, "gpu_memory_gib": 27.92666006088257}
{"step": 213590, "tokens_processed": 10294263808, "train_loss": 2.4440245628356934, "lr": 2.5264292832295675e-05, "grad_norm": 0.6237472295761108, "tokens_per_second": 269153.59105550876, "gpu_memory_gib": 27.92666006088257}
{"step": 213600, "tokens_processed": 10295574528, "train_loss": 2.406599283218384, "lr": 2.5220797805130155e-05, "grad_norm": 0.5659367442131042, "tokens_per_second": 248982.30251025094, "gpu_memory_gib": 27.92666006088257}
{"step": 213610, "tokens_processed": 10296885248, "train_loss": 2.414135217666626, "lr": 2.517714686663039e-05, "grad_norm": 0.5939528942108154, "tokens_per_second": 274124.29994516243, "gpu_memory_gib": 27.92666006088257}
{"step": 213620, "tokens_processed": 10298195968, "train_loss": 2.3485283851623535, "lr": 2.5133340797192392e-05, "grad_norm": 0.5752958655357361, "tokens_per_second": 263792.6949092207, "gpu_memory_gib": 27.92666006088257}
{"step": 213630, "tokens_processed": 10299506688, "train_loss": 2.3180301189422607, "lr": 2.5089380379985668e-05, "grad_norm": 0.610060453414917, "tokens_per_second": 256641.89948266113, "gpu_memory_gib": 27.92666006088257}
{"step": 213640, "tokens_processed": 10300817408, "train_loss": 2.4661202430725098, "lr": 2.5045266400939138e-05, "grad_norm": 0.6115527153015137, "tokens_per_second": 262589.6505682759, "gpu_memory_gib": 27.92666006088257}
{"step": 213650, "tokens_processed": 10302128128, "train_loss": 2.37575626373291, "lr": 2.500099964872713e-05, "grad_norm": 0.5727241039276123, "tokens_per_second": 94553.16869264151, "gpu_memory_gib": 27.926660537719727}
{"step": 213660, "tokens_processed": 10303438848, "train_loss": 2.2823970317840576, "lr": 2.4956580914755267e-05, "grad_norm": 0.5507233142852783, "tokens_per_second": 241102.33315867578, "gpu_memory_gib": 27.926660537719727}
{"step": 213670, "tokens_processed": 10304749568, "train_loss": 2.4302895069122314, "lr": 2.4912010993146316e-05, "grad_norm": 0.579859733581543, "tokens_per_second": 261378.99973387303, "gpu_memory_gib": 27.926660537719727}
{"step": 213680, "tokens_processed": 10306060288, "train_loss": 2.385209560394287, "lr": 2.4867290680725988e-05, "grad_norm": 0.5600358247756958, "tokens_per_second": 273233.53395725694, "gpu_memory_gib": 27.926660537719727}
{"step": 213690, "tokens_processed": 10307371008, "train_loss": 2.398092031478882, "lr": 2.4822420777008706e-05, "grad_norm": 0.5776191353797913, "tokens_per_second": 276778.3256350882, "gpu_memory_gib": 27.926660537719727}
{"step": 213700, "tokens_processed": 10308681728, "train_loss": 2.3832931518554688, "lr": 2.4777402084183294e-05, "grad_norm": 0.5824217200279236, "tokens_per_second": 276625.1937719531, "gpu_memory_gib": 27.926660537719727}
{"step": 213710, "tokens_processed": 10309992448, "train_loss": 2.3861074447631836, "lr": 2.4732235407098643e-05, "grad_norm": 0.5874888300895691, "tokens_per_second": 286415.0366840674, "gpu_memory_gib": 27.926660537719727}
{"step": 213720, "tokens_processed": 10311303168, "train_loss": 2.4230077266693115, "lr": 2.468692155324933e-05, "grad_norm": 0.5553448796272278, "tokens_per_second": 289596.7913550846, "gpu_memory_gib": 27.926660537719727}
{"step": 213730, "tokens_processed": 10312613888, "train_loss": 2.449119806289673, "lr": 2.4641461332761164e-05, "grad_norm": 0.6058573126792908, "tokens_per_second": 278277.95713606116, "gpu_memory_gib": 27.926660537719727}
{"step": 213740, "tokens_processed": 10313924608, "train_loss": 2.4168457984924316, "lr": 2.4595855558376712e-05, "grad_norm": 0.5578415989875793, "tokens_per_second": 288850.6017837391, "gpu_memory_gib": 27.926660537719727}
{"step": 213750, "tokens_processed": 10315235328, "train_loss": 2.3863351345062256, "lr": 2.4550105045440788e-05, "grad_norm": 0.5893072485923767, "tokens_per_second": 273919.5035818927, "gpu_memory_gib": 27.926660537719727}
{"step": 213760, "tokens_processed": 10316546048, "train_loss": 2.3642091751098633, "lr": 2.4504210611885826e-05, "grad_norm": 0.588241696357727, "tokens_per_second": 285409.8659065928, "gpu_memory_gib": 27.926660537719727}
{"step": 213770, "tokens_processed": 10317856768, "train_loss": 2.434370279312134, "lr": 2.4458173078217315e-05, "grad_norm": 0.5651492476463318, "tokens_per_second": 287417.1121253843, "gpu_memory_gib": 27.926660537719727}
{"step": 213780, "tokens_processed": 10319167488, "train_loss": 2.4228758811950684, "lr": 2.4411993267499083e-05, "grad_norm": 0.5661795735359192, "tokens_per_second": 290642.81606344646, "gpu_memory_gib": 27.926660537719727}
{"step": 213790, "tokens_processed": 10320478208, "train_loss": 2.259702682495117, "lr": 2.4365672005338614e-05, "grad_norm": 0.558349072933197, "tokens_per_second": 289229.22543337755, "gpu_memory_gib": 27.926660537719727}
{"step": 213800, "tokens_processed": 10321788928, "train_loss": 2.4196252822875977, "lr": 2.431921011987228e-05, "grad_norm": 0.5895369052886963, "tokens_per_second": 288205.14333305147, "gpu_memory_gib": 27.926660537719727}
{"step": 213810, "tokens_processed": 10323099648, "train_loss": 2.357680559158325, "lr": 2.4272608441750512e-05, "grad_norm": 0.5955190658569336, "tokens_per_second": 289416.4117419552, "gpu_memory_gib": 27.926660537719727}
{"step": 213820, "tokens_processed": 10324410368, "train_loss": 2.416633129119873, "lr": 2.422586780412298e-05, "grad_norm": 0.571150004863739, "tokens_per_second": 293923.48429874476, "gpu_memory_gib": 27.926660537719727}
{"step": 213830, "tokens_processed": 10325721088, "train_loss": 2.3739662170410156, "lr": 2.41789890426237e-05, "grad_norm": 0.5668191313743591, "tokens_per_second": 291332.99937868374, "gpu_memory_gib": 27.926660537719727}
{"step": 213840, "tokens_processed": 10327031808, "train_loss": 2.2869462966918945, "lr": 2.4131972995356052e-05, "grad_norm": 0.5491729378700256, "tokens_per_second": 293020.4483972279, "gpu_memory_gib": 27.926660537719727}
{"step": 213850, "tokens_processed": 10328342528, "train_loss": 2.388923168182373, "lr": 2.408482050287786e-05, "grad_norm": 0.560527503490448, "tokens_per_second": 291162.26532353193, "gpu_memory_gib": 27.926660537719727}
{"step": 213860, "tokens_processed": 10329653248, "train_loss": 2.3815813064575195, "lr": 2.403753240818628e-05, "grad_norm": 0.5531672835350037, "tokens_per_second": 293601.8842762437, "gpu_memory_gib": 27.926660537719727}
{"step": 213870, "tokens_processed": 10330963968, "train_loss": 2.35219669342041, "lr": 2.3990109556702844e-05, "grad_norm": 0.5798940658569336, "tokens_per_second": 291847.5205669618, "gpu_memory_gib": 27.926660537719727}
{"step": 213880, "tokens_processed": 10332274688, "train_loss": 2.457883834838867, "lr": 2.3942552796258223e-05, "grad_norm": 0.573684811592102, "tokens_per_second": 288867.4960744569, "gpu_memory_gib": 27.926660537719727}
{"step": 213890, "tokens_processed": 10333585408, "train_loss": 2.502742052078247, "lr": 2.389486297707716e-05, "grad_norm": 0.5779787302017212, "tokens_per_second": 294149.39810599777, "gpu_memory_gib": 27.926660537719727}
{"step": 213900, "tokens_processed": 10334896128, "train_loss": 2.4498181343078613, "lr": 2.384704095176321e-05, "grad_norm": 0.6078854203224182, "tokens_per_second": 285606.9524542449, "gpu_memory_gib": 27.926660537719727}
{"step": 213910, "tokens_processed": 10336206848, "train_loss": 2.4449708461761475, "lr": 2.3799087575283553e-05, "grad_norm": 0.6959508061408997, "tokens_per_second": 294885.7234702811, "gpu_memory_gib": 27.926660537719727}
{"step": 213920, "tokens_processed": 10337517568, "train_loss": 2.342289447784424, "lr": 2.3751003704953658e-05, "grad_norm": 0.6853353381156921, "tokens_per_second": 293792.69665493065, "gpu_memory_gib": 27.926660537719727}
{"step": 213930, "tokens_processed": 10338828288, "train_loss": 2.503722906112671, "lr": 2.3702790200421984e-05, "grad_norm": 0.5888042449951172, "tokens_per_second": 285922.95302673255, "gpu_memory_gib": 27.926660537719727}
{"step": 213940, "tokens_processed": 10340139008, "train_loss": 2.348520517349243, "lr": 2.36544479236546e-05, "grad_norm": 0.5968047380447388, "tokens_per_second": 269668.8430489184, "gpu_memory_gib": 27.926660537719727}
{"step": 213950, "tokens_processed": 10341449728, "train_loss": 2.4291958808898926, "lr": 2.3605977738919784e-05, "grad_norm": 0.6311256885528564, "tokens_per_second": 290425.73583141976, "gpu_memory_gib": 27.926660537719727}
{"step": 213960, "tokens_processed": 10342760448, "train_loss": 2.3615927696228027, "lr": 2.355738051277255e-05, "grad_norm": 0.5772489905357361, "tokens_per_second": 293776.57575103804, "gpu_memory_gib": 27.926660537719727}
{"step": 213970, "tokens_processed": 10344071168, "train_loss": 2.2929725646972656, "lr": 2.3508657114039203e-05, "grad_norm": 0.587530255317688, "tokens_per_second": 292295.26489608584, "gpu_memory_gib": 27.926660537719727}
{"step": 213980, "tokens_processed": 10345381888, "train_loss": 2.4804465770721436, "lr": 2.345980841380174e-05, "grad_norm": 0.9588646292686462, "tokens_per_second": 291458.441922375, "gpu_memory_gib": 27.926660537719727}
{"step": 213990, "tokens_processed": 10346692608, "train_loss": 2.4733052253723145, "lr": 2.3410835285382343e-05, "grad_norm": 0.5588856935501099, "tokens_per_second": 293879.0918355246, "gpu_memory_gib": 27.926660537719727}
{"step": 214000, "tokens_processed": 10348003328, "train_loss": 2.354982376098633, "lr": 2.3361738604327705e-05, "grad_norm": 0.57220458984375, "tokens_per_second": 292152.96773176076, "gpu_memory_gib": 27.926660537719727}
{"step": 214000, "validation_loss": 2.3275179862976074, "validation_nats_per_byte": 0.5817850360773401}
{"step": 214010, "tokens_processed": 10349314048, "train_loss": 2.380584239959717, "lr": 2.331251924839342e-05, "grad_norm": 0.5877193212509155, "tokens_per_second": 241070.9268961711, "gpu_memory_gib": 27.926660537719727}
{"step": 214020, "tokens_processed": 10350624768, "train_loss": 2.371603488922119, "lr": 2.3263178097528283e-05, "grad_norm": 0.5935701131820679, "tokens_per_second": 289144.0507743549, "gpu_memory_gib": 27.926660537719727}
{"step": 214030, "tokens_processed": 10351935488, "train_loss": 2.4230268001556396, "lr": 2.3213716033858538e-05, "grad_norm": 0.55660080909729, "tokens_per_second": 289864.6207210815, "gpu_memory_gib": 27.926660537719727}
{"step": 214040, "tokens_processed": 10353246208, "train_loss": 2.374194383621216, "lr": 2.3164133941672133e-05, "grad_norm": 0.5507010817527771, "tokens_per_second": 291276.4837507195, "gpu_memory_gib": 27.926660537719727}
{"step": 214050, "tokens_processed": 10354556928, "train_loss": 2.3618838787078857, "lr": 2.311443270740288e-05, "grad_norm": 0.565423846244812, "tokens_per_second": 270597.969738394, "gpu_memory_gib": 27.926660537719727}
{"step": 214060, "tokens_processed": 10355867648, "train_loss": 2.3593482971191406, "lr": 2.3064613219614655e-05, "grad_norm": 0.6345605254173279, "tokens_per_second": 268224.9341539927, "gpu_memory_gib": 27.926660537719727}
{"step": 214070, "tokens_processed": 10357178368, "train_loss": 2.38334321975708, "lr": 2.301467636898545e-05, "grad_norm": 0.572797954082489, "tokens_per_second": 243735.3399496976, "gpu_memory_gib": 27.926660537719727}
{"step": 214080, "tokens_processed": 10358489088, "train_loss": 2.270535945892334, "lr": 2.296462304829151e-05, "grad_norm": 0.5418689846992493, "tokens_per_second": 260210.77126786273, "gpu_memory_gib": 27.926660537719727}
{"step": 214090, "tokens_processed": 10359799808, "train_loss": 2.4033498764038086, "lr": 2.2914454152391324e-05, "grad_norm": 0.5574312210083008, "tokens_per_second": 213667.03005061214, "gpu_memory_gib": 27.926660537719727}
{"step": 214100, "tokens_processed": 10361110528, "train_loss": 2.3912274837493896, "lr": 2.2864170578209652e-05, "grad_norm": 0.5884864926338196, "tokens_per_second": 217167.74952464536, "gpu_memory_gib": 27.926660537719727}
{"step": 214110, "tokens_processed": 10362421248, "train_loss": 2.3221168518066406, "lr": 2.2813773224721494e-05, "grad_norm": 0.6651003360748291, "tokens_per_second": 201840.7291388022, "gpu_memory_gib": 27.926660537719727}
{"step": 214120, "tokens_processed": 10363731968, "train_loss": 2.365924835205078, "lr": 2.2763262992935997e-05, "grad_norm": 0.5843140482902527, "tokens_per_second": 233039.2427306691, "gpu_memory_gib": 27.926660537719727}
{"step": 214130, "tokens_processed": 10365042688, "train_loss": 2.4193167686462402, "lr": 2.2712640785880356e-05, "grad_norm": 0.5600838661193848, "tokens_per_second": 259806.71660449848, "gpu_memory_gib": 27.926660537719727}
{"step": 214140, "tokens_processed": 10366353408, "train_loss": 2.44429349899292, "lr": 2.2661907508583698e-05, "grad_norm": 0.5584430694580078, "tokens_per_second": 214044.80453111706, "gpu_memory_gib": 27.926660537719727}
{"step": 214150, "tokens_processed": 10367664128, "train_loss": 2.304844856262207, "lr": 2.2611064068060828e-05, "grad_norm": 0.5857203006744385, "tokens_per_second": 237422.04592469754, "gpu_memory_gib": 27.926660537719727}
{"step": 214160, "tokens_processed": 10368974848, "train_loss": 2.3623366355895996, "lr": 2.25601113732961e-05, "grad_norm": 0.5752171277999878, "tokens_per_second": 239206.78672373923, "gpu_memory_gib": 27.926660537719727}
{"step": 214170, "tokens_processed": 10370285568, "train_loss": 2.3387365341186523, "lr": 2.2509050335227124e-05, "grad_norm": 0.6279957294464111, "tokens_per_second": 236392.38577677787, "gpu_memory_gib": 27.926660537719727}
{"step": 214180, "tokens_processed": 10371596288, "train_loss": 2.372741222381592, "lr": 2.2457881866728457e-05, "grad_norm": 0.5453177690505981, "tokens_per_second": 263732.80977331405, "gpu_memory_gib": 27.926660537719727}
{"step": 214190, "tokens_processed": 10372907008, "train_loss": 2.3358516693115234, "lr": 2.2406606882595334e-05, "grad_norm": 0.7334849834442139, "tokens_per_second": 274391.1242275364, "gpu_memory_gib": 27.926660537719727}
{"step": 214200, "tokens_processed": 10374217728, "train_loss": 2.319756507873535, "lr": 2.2355226299527273e-05, "grad_norm": 0.5740580558776855, "tokens_per_second": 269788.24598136975, "gpu_memory_gib": 27.926660537719727}
{"step": 214210, "tokens_processed": 10375528448, "train_loss": 2.380239248275757, "lr": 2.230374103611171e-05, "grad_norm": 0.5808671712875366, "tokens_per_second": 272253.4818580773, "gpu_memory_gib": 27.926660537719727}
{"step": 214220, "tokens_processed": 10376839168, "train_loss": 2.439570426940918, "lr": 2.2252152012807564e-05, "grad_norm": 0.6300526261329651, "tokens_per_second": 256604.8997281759, "gpu_memory_gib": 27.926660537719727}
{"step": 214230, "tokens_processed": 10378149888, "train_loss": 2.460721969604492, "lr": 2.2200460151928775e-05, "grad_norm": 0.5781704187393188, "tokens_per_second": 270021.5439505748, "gpu_memory_gib": 27.926660537719727}
{"step": 214240, "tokens_processed": 10379460608, "train_loss": 2.3154096603393555, "lr": 2.2148666377627844e-05, "grad_norm": 0.5572509169578552, "tokens_per_second": 277502.24294555327, "gpu_memory_gib": 27.926660537719727}
{"step": 214250, "tokens_processed": 10380771328, "train_loss": 2.414151668548584, "lr": 2.209677161587927e-05, "grad_norm": 0.5843822956085205, "tokens_per_second": 277654.23607497313, "gpu_memory_gib": 27.926660537719727}
{"step": 214260, "tokens_processed": 10382082048, "train_loss": 2.4323058128356934, "lr": 2.2044776794463034e-05, "grad_norm": 0.581327497959137, "tokens_per_second": 267609.9575190722, "gpu_memory_gib": 27.926660537719727}
{"step": 214270, "tokens_processed": 10383392768, "train_loss": 2.394888401031494, "lr": 2.199268284294797e-05, "grad_norm": 0.5983463525772095, "tokens_per_second": 271663.0326084861, "gpu_memory_gib": 27.926660537719727}
{"step": 214280, "tokens_processed": 10384703488, "train_loss": 2.4082891941070557, "lr": 2.1940490692675203e-05, "grad_norm": 0.5620575547218323, "tokens_per_second": 260515.703676576, "gpu_memory_gib": 27.926660537719727}
{"step": 214290, "tokens_processed": 10386014208, "train_loss": 2.4009737968444824, "lr": 2.188820127674144e-05, "grad_norm": 0.6157391667366028, "tokens_per_second": 265968.1608752245, "gpu_memory_gib": 27.926660537719727}
{"step": 214300, "tokens_processed": 10387324928, "train_loss": 2.4458565711975098, "lr": 2.1835815529982318e-05, "grad_norm": 0.623535692691803, "tokens_per_second": 278161.481427952, "gpu_memory_gib": 27.926660537719727}
{"step": 214310, "tokens_processed": 10388635648, "train_loss": 2.3324952125549316, "lr": 2.1783334388955705e-05, "grad_norm": 0.5611663460731506, "tokens_per_second": 277956.5123412522, "gpu_memory_gib": 27.926660537719727}
{"step": 214320, "tokens_processed": 10389946368, "train_loss": 2.3836865425109863, "lr": 2.173075879192491e-05, "grad_norm": 0.5827974677085876, "tokens_per_second": 275432.4904787606, "gpu_memory_gib": 27.926660537719727}
{"step": 214330, "tokens_processed": 10391257088, "train_loss": 2.432249069213867, "lr": 2.1678089678841947e-05, "grad_norm": 0.5448451042175293, "tokens_per_second": 276514.37485734787, "gpu_memory_gib": 27.926660537719727}
{"step": 214340, "tokens_processed": 10392567808, "train_loss": 2.3781585693359375, "lr": 2.1625327991330737e-05, "grad_norm": 0.5555111765861511, "tokens_per_second": 277198.9026681914, "gpu_memory_gib": 27.926660537719727}
{"step": 214350, "tokens_processed": 10393878528, "train_loss": 2.307239055633545, "lr": 2.1572474672670225e-05, "grad_norm": 0.5294106006622314, "tokens_per_second": 274229.7998406487, "gpu_memory_gib": 27.926660537719727}
{"step": 214360, "tokens_processed": 10395189248, "train_loss": 2.436955451965332, "lr": 2.151953066777758e-05, "grad_norm": 0.5796476602554321, "tokens_per_second": 278522.4486908144, "gpu_memory_gib": 27.926660537719727}
{"step": 214370, "tokens_processed": 10396499968, "train_loss": 2.370400905609131, "lr": 2.146649692319124e-05, "grad_norm": 0.5735281109809875, "tokens_per_second": 259684.88893744824, "gpu_memory_gib": 27.926660537719727}
{"step": 214380, "tokens_processed": 10397810688, "train_loss": 2.4033396244049072, "lr": 2.1413374387054032e-05, "grad_norm": 0.5593593120574951, "tokens_per_second": 285639.6429225282, "gpu_memory_gib": 27.926660537719727}
{"step": 214390, "tokens_processed": 10399121408, "train_loss": 2.3882880210876465, "lr": 2.136016400909622e-05, "grad_norm": 0.5783752799034119, "tokens_per_second": 279417.85784610285, "gpu_memory_gib": 27.926660537719727}
{"step": 214400, "tokens_processed": 10400432128, "train_loss": 2.3324522972106934, "lr": 2.1306866740618485e-05, "grad_norm": 0.5574763417243958, "tokens_per_second": 279493.7305093717, "gpu_memory_gib": 27.926660537719727}
{"step": 214410, "tokens_processed": 10401742848, "train_loss": 2.357553720474243, "lr": 2.125348353447497e-05, "grad_norm": 0.5856421589851379, "tokens_per_second": 281246.56141581316, "gpu_memory_gib": 27.926660537719727}
{"step": 214420, "tokens_processed": 10403053568, "train_loss": 2.3731539249420166, "lr": 2.1200015345056206e-05, "grad_norm": 0.5426977276802063, "tokens_per_second": 273435.60143721127, "gpu_memory_gib": 27.926660537719727}
{"step": 214430, "tokens_processed": 10404364288, "train_loss": 2.4174017906188965, "lr": 2.1146463128272075e-05, "grad_norm": 0.6113408803939819, "tokens_per_second": 272765.263476244, "gpu_memory_gib": 27.926660537719727}
{"step": 214440, "tokens_processed": 10405675008, "train_loss": 2.349544048309326, "lr": 2.1092827841534703e-05, "grad_norm": 0.5802004933357239, "tokens_per_second": 281599.23259731894, "gpu_memory_gib": 27.926660537719727}
{"step": 214450, "tokens_processed": 10406985728, "train_loss": 2.3543612957000732, "lr": 2.103911044374134e-05, "grad_norm": 0.6309567093849182, "tokens_per_second": 278667.5662859256, "gpu_memory_gib": 27.926660537719727}
{"step": 214460, "tokens_processed": 10408296448, "train_loss": 2.494757652282715, "lr": 2.098531189525725e-05, "grad_norm": 0.586018443107605, "tokens_per_second": 259878.43086501528, "gpu_memory_gib": 27.926660537719727}
{"step": 214470, "tokens_processed": 10409607168, "train_loss": 2.330906867980957, "lr": 2.0931433157898496e-05, "grad_norm": 0.5251345038414001, "tokens_per_second": 279896.5852307265, "gpu_memory_gib": 27.926660537719727}
{"step": 214480, "tokens_processed": 10410917888, "train_loss": 2.397386074066162, "lr": 2.087747519491477e-05, "grad_norm": 0.5732048749923706, "tokens_per_second": 287067.31497905083, "gpu_memory_gib": 27.926660537719727}
{"step": 214490, "tokens_processed": 10412228608, "train_loss": 2.3592283725738525, "lr": 2.0823438970972182e-05, "grad_norm": 0.6050231456756592, "tokens_per_second": 279043.6659011354, "gpu_memory_gib": 27.926660537719727}
{"step": 214500, "tokens_processed": 10413539328, "train_loss": 2.3177785873413086, "lr": 2.076932545213598e-05, "grad_norm": 0.552847683429718, "tokens_per_second": 279787.9392613765, "gpu_memory_gib": 27.926660537719727}
{"step": 214500, "validation_loss": 2.3241498470306396, "validation_nats_per_byte": 0.580943137953896}
{"step": 214510, "tokens_processed": 10414850048, "train_loss": 2.3334333896636963, "lr": 2.071513560585331e-05, "grad_norm": 1.4033019542694092, "tokens_per_second": 230309.62037574349, "gpu_memory_gib": 27.926660537719727}
{"step": 214520, "tokens_processed": 10416160768, "train_loss": 2.4421842098236084, "lr": 2.0660870400935902e-05, "grad_norm": 0.5896800756454468, "tokens_per_second": 285974.640226089, "gpu_memory_gib": 27.926660537719727}
{"step": 214530, "tokens_processed": 10417471488, "train_loss": 2.2839176654815674, "lr": 2.0606530807542762e-05, "grad_norm": 0.5589067935943604, "tokens_per_second": 279890.6958430529, "gpu_memory_gib": 27.926660537719727}
{"step": 214540, "tokens_processed": 10418782208, "train_loss": 2.430190086364746, "lr": 2.055211779716282e-05, "grad_norm": 0.5967390537261963, "tokens_per_second": 281189.980654899, "gpu_memory_gib": 27.926660537719727}
{"step": 214550, "tokens_processed": 10420092928, "train_loss": 2.3402962684631348, "lr": 2.0497632342597566e-05, "grad_norm": 0.5341970920562744, "tokens_per_second": 286446.0674057246, "gpu_memory_gib": 27.926660537719727}
{"step": 214560, "tokens_processed": 10421403648, "train_loss": 2.360703468322754, "lr": 2.044307541794363e-05, "grad_norm": 0.5960810780525208, "tokens_per_second": 269216.8136826254, "gpu_memory_gib": 27.926660537719727}
{"step": 214570, "tokens_processed": 10422714368, "train_loss": 2.3804028034210205, "lr": 2.038844799857543e-05, "grad_norm": 0.5809914469718933, "tokens_per_second": 287483.1580669473, "gpu_memory_gib": 27.926660537719727}
{"step": 214580, "tokens_processed": 10424025088, "train_loss": 2.392706871032715, "lr": 2.0333751061127662e-05, "grad_norm": 0.5698758363723755, "tokens_per_second": 280255.6741783264, "gpu_memory_gib": 27.926660537719727}
{"step": 214590, "tokens_processed": 10425335808, "train_loss": 2.4183402061462402, "lr": 2.02789855834779e-05, "grad_norm": 0.5887011885643005, "tokens_per_second": 289855.39424604055, "gpu_memory_gib": 27.926660537719727}
{"step": 214600, "tokens_processed": 10426646528, "train_loss": 2.334026336669922, "lr": 2.022415254472907e-05, "grad_norm": 0.578350305557251, "tokens_per_second": 289815.46169549885, "gpu_memory_gib": 27.926660537719727}
{"step": 214610, "tokens_processed": 10427957248, "train_loss": 2.311508893966675, "lr": 2.0169252925191966e-05, "grad_norm": 0.5838695168495178, "tokens_per_second": 288847.3084821424, "gpu_memory_gib": 27.926660537719727}
{"step": 214620, "tokens_processed": 10429267968, "train_loss": 2.3821816444396973, "lr": 2.0114287706367716e-05, "grad_norm": 0.5636141300201416, "tokens_per_second": 283570.41964606155, "gpu_memory_gib": 27.926660537719727}
{"step": 214630, "tokens_processed": 10430578688, "train_loss": 2.3489537239074707, "lr": 2.005925787093026e-05, "grad_norm": 0.5596351027488708, "tokens_per_second": 279824.8746093235, "gpu_memory_gib": 27.926660537719727}
{"step": 214640, "tokens_processed": 10431889408, "train_loss": 2.461550235748291, "lr": 2.0004164402708735e-05, "grad_norm": 0.6103779077529907, "tokens_per_second": 282733.1282745255, "gpu_memory_gib": 27.926660537719727}
{"step": 214650, "tokens_processed": 10433200128, "train_loss": 2.332712411880493, "lr": 1.994900828666992e-05, "grad_norm": 0.590936005115509, "tokens_per_second": 290833.51432396617, "gpu_memory_gib": 27.926660537719727}
{"step": 214660, "tokens_processed": 10434510848, "train_loss": 2.351990222930908, "lr": 1.9893790508900625e-05, "grad_norm": 0.5438019633293152, "tokens_per_second": 288354.3654949253, "gpu_memory_gib": 27.926660537719727}
{"step": 214670, "tokens_processed": 10435821568, "train_loss": 2.407752275466919, "lr": 1.9838512056590047e-05, "grad_norm": 0.6095646619796753, "tokens_per_second": 288879.7658849996, "gpu_memory_gib": 27.926660537719727}
{"step": 214680, "tokens_processed": 10437132288, "train_loss": 2.3688812255859375, "lr": 1.9783173918012137e-05, "grad_norm": 0.5851671099662781, "tokens_per_second": 285085.6839409348, "gpu_memory_gib": 27.926660537719727}
{"step": 214690, "tokens_processed": 10438443008, "train_loss": 2.3971524238586426, "lr": 1.972777708250791e-05, "grad_norm": 0.5437659621238708, "tokens_per_second": 283804.38314804947, "gpu_memory_gib": 27.926660537719727}
{"step": 214700, "tokens_processed": 10439753728, "train_loss": 2.389014482498169, "lr": 1.967232254046778e-05, "grad_norm": 0.5602891445159912, "tokens_per_second": 291889.11373309337, "gpu_memory_gib": 27.926660537719727}
{"step": 214710, "tokens_processed": 10441064448, "train_loss": 2.3253068923950195, "lr": 1.9616811283313847e-05, "grad_norm": 0.5678313374519348, "tokens_per_second": 280793.4808241305, "gpu_memory_gib": 27.926660537719727}
{"step": 214720, "tokens_processed": 10442375168, "train_loss": 2.382486581802368, "lr": 1.956124430348217e-05, "grad_norm": 0.5996755957603455, "tokens_per_second": 289880.0235269458, "gpu_memory_gib": 27.926660537719727}
{"step": 214730, "tokens_processed": 10443685888, "train_loss": 2.4141671657562256, "lr": 1.9505622594405007e-05, "grad_norm": 0.577670693397522, "tokens_per_second": 284096.5854550908, "gpu_memory_gib": 27.926660537719727}
{"step": 214740, "tokens_processed": 10444996608, "train_loss": 2.3931126594543457, "lr": 1.9449947150493093e-05, "grad_norm": 0.5601766705513, "tokens_per_second": 260356.26762482442, "gpu_memory_gib": 27.926660537719727}
{"step": 214750, "tokens_processed": 10446307328, "train_loss": 2.350693464279175, "lr": 1.939421896711783e-05, "grad_norm": 0.5535485148429871, "tokens_per_second": 279132.629444712, "gpu_memory_gib": 27.926660537719727}
{"step": 214760, "tokens_processed": 10447618048, "train_loss": 2.447190523147583, "lr": 1.93384390405935e-05, "grad_norm": 0.6132133603096008, "tokens_per_second": 290552.95117115846, "gpu_memory_gib": 27.926660537719727}
{"step": 214770, "tokens_processed": 10448928768, "train_loss": 2.4859440326690674, "lr": 1.9282608368159454e-05, "grad_norm": 0.5885205268859863, "tokens_per_second": 284991.3004910277, "gpu_memory_gib": 27.926660537719727}
{"step": 214780, "tokens_processed": 10450239488, "train_loss": 2.4568848609924316, "lr": 1.92267279479623e-05, "grad_norm": 0.6020053625106812, "tokens_per_second": 288128.1574794109, "gpu_memory_gib": 27.926660537719727}
{"step": 214790, "tokens_processed": 10451550208, "train_loss": 2.2934353351593018, "lr": 1.9170798779038015e-05, "grad_norm": 0.5621166825294495, "tokens_per_second": 289568.4169766653, "gpu_memory_gib": 27.926660537719727}
{"step": 214800, "tokens_processed": 10452860928, "train_loss": 2.3617303371429443, "lr": 1.911482186129413e-05, "grad_norm": 0.5437214970588684, "tokens_per_second": 288902.24610587093, "gpu_memory_gib": 27.926660537719727}
{"step": 214810, "tokens_processed": 10454171648, "train_loss": 2.343593120574951, "lr": 1.9058798195491825e-05, "grad_norm": 0.5810346007347107, "tokens_per_second": 287347.28713230457, "gpu_memory_gib": 27.926660537719727}
{"step": 214820, "tokens_processed": 10455482368, "train_loss": 2.3697876930236816, "lr": 1.9002728783228053e-05, "grad_norm": 0.5667546391487122, "tokens_per_second": 289813.8411370781, "gpu_memory_gib": 27.926660537719727}
{"step": 214830, "tokens_processed": 10456793088, "train_loss": 2.3813252449035645, "lr": 1.8946614626917623e-05, "grad_norm": 0.5746954679489136, "tokens_per_second": 291003.06506656046, "gpu_memory_gib": 27.926660537719727}
{"step": 214840, "tokens_processed": 10458103808, "train_loss": 2.3300929069519043, "lr": 1.8890456729775284e-05, "grad_norm": 0.5720651149749756, "tokens_per_second": 290811.4869437595, "gpu_memory_gib": 27.926660537719727}
{"step": 214850, "tokens_processed": 10459414528, "train_loss": 2.3674442768096924, "lr": 1.8834256095797793e-05, "grad_norm": 0.5594330430030823, "tokens_per_second": 293004.163854027, "gpu_memory_gib": 27.926660537719727}
{"step": 214860, "tokens_processed": 10460725248, "train_loss": 2.381502628326416, "lr": 1.8778013729745946e-05, "grad_norm": 0.5765553116798401, "tokens_per_second": 293315.21999425074, "gpu_memory_gib": 27.926660537719727}
{"step": 214870, "tokens_processed": 10462035968, "train_loss": 2.3451552391052246, "lr": 1.8721730637126653e-05, "grad_norm": 0.5779033303260803, "tokens_per_second": 291810.84892944706, "gpu_memory_gib": 27.926660537719727}
{"step": 214880, "tokens_processed": 10463346688, "train_loss": 2.3705813884735107, "lr": 1.8665407824174908e-05, "grad_norm": 0.5516691207885742, "tokens_per_second": 288557.4927114231, "gpu_memory_gib": 27.926660537719727}
{"step": 214890, "tokens_processed": 10464657408, "train_loss": 2.3485913276672363, "lr": 1.8609046297835856e-05, "grad_norm": 0.5934026837348938, "tokens_per_second": 291185.29137640586, "gpu_memory_gib": 27.926660537719727}
{"step": 214900, "tokens_processed": 10465968128, "train_loss": 2.400078296661377, "lr": 1.855264706574675e-05, "grad_norm": 0.5511549115180969, "tokens_per_second": 292895.83055866364, "gpu_memory_gib": 27.926660537719727}
{"step": 214910, "tokens_processed": 10467278848, "train_loss": 2.3695271015167236, "lr": 1.849621113621895e-05, "grad_norm": 0.5488288998603821, "tokens_per_second": 288843.40774323104, "gpu_memory_gib": 27.926660537719727}
{"step": 214920, "tokens_processed": 10468589568, "train_loss": 2.452753782272339, "lr": 1.8439739518219906e-05, "grad_norm": 0.6153323650360107, "tokens_per_second": 292396.8913608745, "gpu_memory_gib": 27.926660537719727}
{"step": 214930, "tokens_processed": 10469900288, "train_loss": 2.348592758178711, "lr": 1.8383233221355107e-05, "grad_norm": 0.5444335341453552, "tokens_per_second": 291317.976651145, "gpu_memory_gib": 27.926660537719727}
{"step": 214940, "tokens_processed": 10471211008, "train_loss": 2.3811638355255127, "lr": 1.8326693255850025e-05, "grad_norm": 0.5666421055793762, "tokens_per_second": 292112.68849956914, "gpu_memory_gib": 27.926660537719727}
{"step": 214950, "tokens_processed": 10472521728, "train_loss": 2.333956480026245, "lr": 1.827012063253207e-05, "grad_norm": 0.5985458493232727, "tokens_per_second": 294205.56292319257, "gpu_memory_gib": 27.926660537719727}
{"step": 214960, "tokens_processed": 10473832448, "train_loss": 2.351226329803467, "lr": 1.8213516362812517e-05, "grad_norm": 0.5965504050254822, "tokens_per_second": 292086.55849150376, "gpu_memory_gib": 27.926660537719727}
{"step": 214970, "tokens_processed": 10475143168, "train_loss": 2.371650218963623, "lr": 1.815688145866841e-05, "grad_norm": 0.6283659934997559, "tokens_per_second": 290146.1858094699, "gpu_memory_gib": 27.926660537719727}
{"step": 214980, "tokens_processed": 10476453888, "train_loss": 2.294962167739868, "lr": 1.8100216932624482e-05, "grad_norm": 0.8252720832824707, "tokens_per_second": 292419.2360096758, "gpu_memory_gib": 27.926660537719727}
{"step": 214990, "tokens_processed": 10477764608, "train_loss": 2.353370189666748, "lr": 1.8043523797735054e-05, "grad_norm": 0.5629881620407104, "tokens_per_second": 289535.99883344164, "gpu_memory_gib": 27.926660537719727}
{"step": 215000, "tokens_processed": 10479075328, "train_loss": 2.380342483520508, "lr": 1.798680306756591e-05, "grad_norm": 0.5613012313842773, "tokens_per_second": 291169.7089493313, "gpu_memory_gib": 27.926660537719727}
{"step": 215000, "validation_loss": 2.3208203315734863, "validation_nats_per_byte": 0.5801108942153884}
{"step": 215010, "tokens_processed": 10480386048, "train_loss": 2.287682056427002, "lr": 1.7930055756176192e-05, "grad_norm": 0.5789957046508789, "tokens_per_second": 244943.71074160142, "gpu_memory_gib": 27.926660537719727}
{"step": 215020, "tokens_processed": 10481696768, "train_loss": 2.351034641265869, "lr": 1.7873282878100257e-05, "grad_norm": 0.5597769618034363, "tokens_per_second": 291088.3416338474, "gpu_memory_gib": 27.926660537719727}
{"step": 215030, "tokens_processed": 10483007488, "train_loss": 2.411198616027832, "lr": 1.7816485448329562e-05, "grad_norm": 0.6259735226631165, "tokens_per_second": 291450.2375271495, "gpu_memory_gib": 27.926660537719727}
{"step": 215040, "tokens_processed": 10484318208, "train_loss": 2.421915292739868, "lr": 1.7759664482294475e-05, "grad_norm": 0.6154249906539917, "tokens_per_second": 291772.7855637952, "gpu_memory_gib": 27.926660537719727}
{"step": 215050, "tokens_processed": 10485628928, "train_loss": 2.414914608001709, "lr": 1.770282099584618e-05, "grad_norm": 0.618954598903656, "tokens_per_second": 292940.9870318289, "gpu_memory_gib": 27.926660537719727}
{"step": 215060, "tokens_processed": 10486939648, "train_loss": 2.5004096031188965, "lr": 1.7645956005238448e-05, "grad_norm": 0.5959200263023376, "tokens_per_second": 290194.53070774395, "gpu_memory_gib": 27.926660537719727}
{"step": 215070, "tokens_processed": 10488250368, "train_loss": 2.3929481506347656, "lr": 1.7589070527109537e-05, "grad_norm": 0.5675179362297058, "tokens_per_second": 292967.5898320826, "gpu_memory_gib": 27.926660537719727}
{"step": 215080, "tokens_processed": 10489561088, "train_loss": 2.2938308715820312, "lr": 1.7532165578463966e-05, "grad_norm": 0.5828664302825928, "tokens_per_second": 293262.2566251322, "gpu_memory_gib": 27.926660537719727}
{"step": 215090, "tokens_processed": 10490871808, "train_loss": 2.4020135402679443, "lr": 1.7475242176654342e-05, "grad_norm": 0.5698659420013428, "tokens_per_second": 289822.7294252402, "gpu_memory_gib": 27.926660537719727}
{"step": 215100, "tokens_processed": 10492182528, "train_loss": 2.296205997467041, "lr": 1.7418301339363196e-05, "grad_norm": 0.5414507985115051, "tokens_per_second": 291449.07652755146, "gpu_memory_gib": 27.926660537719727}
{"step": 215110, "tokens_processed": 10493493248, "train_loss": 2.392721176147461, "lr": 1.7361344084584767e-05, "grad_norm": 0.60884690284729, "tokens_per_second": 292082.96488226665, "gpu_memory_gib": 27.926660537719727}
{"step": 215120, "tokens_processed": 10494803968, "train_loss": 2.3935885429382324, "lr": 1.7304371430606804e-05, "grad_norm": 0.6037074327468872, "tokens_per_second": 294520.122694242, "gpu_memory_gib": 27.926660537719727}
{"step": 215130, "tokens_processed": 10496114688, "train_loss": 2.3679962158203125, "lr": 1.724738439599237e-05, "grad_norm": 0.5839141011238098, "tokens_per_second": 291519.74197567534, "gpu_memory_gib": 27.926660537719727}
{"step": 215140, "tokens_processed": 10497425408, "train_loss": 2.3793134689331055, "lr": 1.7190383999561623e-05, "grad_norm": 0.5710304379463196, "tokens_per_second": 295051.1378058529, "gpu_memory_gib": 27.926660537719727}
{"step": 215150, "tokens_processed": 10498736128, "train_loss": 2.357940196990967, "lr": 1.7133371260373606e-05, "grad_norm": 0.5732113718986511, "tokens_per_second": 291521.5046126112, "gpu_memory_gib": 27.926660537719727}
{"step": 215160, "tokens_processed": 10500046848, "train_loss": 2.4051270484924316, "lr": 1.7076347197708023e-05, "grad_norm": 0.5720155239105225, "tokens_per_second": 288032.27347872173, "gpu_memory_gib": 27.926660537719727}
{"step": 215160, "validation_loss": 2.3203463554382324, "validation_nats_per_byte": 0.5799924194175257}
{"output": "/public/home/u43077/lzh/outputs/minillm-general/new-model-v1/benchmarks/long-context-trajectory/step-00215160.json.attempt-49637-1.tmp", "long_loss": 2.3706913538436862, "cache_parity": true}
{"task": "ceval", "examples": 1346, "subjects": 52, "random_accuracy": 0.25, "candidate_sequences": 10768, "scored_tokens": 53820, "elapsed_seconds": 16.734491864219308, "metrics": {"label": {"examples": 1346, "correct": 339, "correct_normalized": 339, "accuracy": 0.25185735512630014, "accuracy_normalized": 0.25185735512630014, "standard_error": 0.011831695783267489, "standard_error_normalized": 0.011831695783267489}, "content": {"examples": 1346, "correct": 361, "correct_normalized": 436, "accuracy": 0.26820208023774145, "accuracy_normalized": 0.32392273402674593, "standard_error": 0.012075472309446254, "standard_error_normalized": 0.01275546663122231}}, "available_examples": 1346}
{"task": "cmmlu", "examples": 2000, "subjects": 67, "random_accuracy": 0.25, "candidate_sequences": 16000, "scored_tokens": 65866, "elapsed_seconds": 16.819813517853618, "metrics": {"label": {"examples": 2000, "correct": 501, "correct_normalized": 501, "accuracy": 0.2505, "accuracy_normalized": 0.2505, "standard_error": 0.009688904736862677, "standard_error_normalized": 0.009688904736862677}, "content": {"examples": 2000, "correct": 518, "correct_normalized": 555, "accuracy": 0.259, "accuracy_normalized": 0.2775, "standard_error": 0.009795891996137973, "standard_error_normalized": 0.010012336140981284}}, "available_examples": 11582}
{"task": "arc_easy", "examples": 570, "subjects": 1, "random_accuracy": 0.24997076023391815, "candidate_sequences": 4562, "scored_tokens": 15607, "elapsed_seconds": 4.6617590095847845, "metrics": {"label": {"examples": 570, "correct": 148, "correct_normalized": 148, "accuracy": 0.2596491228070175, "accuracy_normalized": 0.2596491228070175, "standard_error": 0.018364317796403577, "standard_error_normalized": 0.018364317796403577}, "content": {"examples": 570, "correct": 194, "correct_normalized": 149, "accuracy": 0.34035087719298246, "accuracy_normalized": 0.2614035087719298, "standard_error": 0.019846434899566195, "standard_error_normalized": 0.01840440995844991}}, "available_examples": 570}
{"task": "arc_challenge", "examples": 299, "subjects": 1, "random_accuracy": 0.2506688963210703, "candidate_sequences": 2388, "scored_tokens": 9938, "elapsed_seconds": 2.414069425314665, "metrics": {"label": {"examples": 299, "correct": 72, "correct_normalized": 72, "accuracy": 0.2408026755852843, "accuracy_normalized": 0.2408026755852843, "standard_error": 0.024727054971144365, "standard_error_normalized": 0.024727054971144365}, "content": {"examples": 299, "correct": 57, "correct_normalized": 67, "accuracy": 0.19063545150501673, "accuracy_normalized": 0.22408026755852842, "standard_error": 0.022716338331819002, "standard_error_normalized": 0.02411429732093315}}, "available_examples": 299}
{"task": "hellaswag", "examples": 2000, "subjects": 168, "random_accuracy": 0.25, "candidate_sequences": 8000, "scored_tokens": 300070, "elapsed_seconds": 8.579047340899706, "metrics": {"ending": {"examples": 2000, "correct": 534, "correct_normalized": 583, "accuracy": 0.267, "accuracy_normalized": 0.2915, "standard_error": 0.009892193892155572, "standard_error_normalized": 0.010161883437631037}}, "available_examples": 10042}
{"output": "/public/home/u43077/lzh/outputs/minillm-general/new-model-v1/benchmarks/long-context-capability/step-00215160.json.attempt-49637-1.tmp"}
2026-07-31 10:50:11 +0000
GPU 0: NVIDIA A100-SXM4-40GB (UUID: GPU-756ef8c7-0e32-392f-1e8c-4caa95b553ff)
GPU 1: NVIDIA A100-SXM4-40GB (UUID: GPU-05a31dc4-ac5d-9ae1-baba-16f2b7d2e368)
GPU 2: NVIDIA A100-SXM4-40GB (UUID: GPU-b6144eb8-e087-31ab-133d-06d192d997d3)
GPU 3: NVIDIA A100-SXM4-40GB (UUID: GPU-abb600dd-a171-16dd-a112-ea45d38b4c53)
resume=/public/home/u43077/lzh/outputs/minillm-general/new-model-v1/160m-openbpe-32k-8k/latest.pt start_step=215160 target_step=218975 stage_start=211345 stage_end=218975 world_size=4 tokens_per_rank_step=32768 tokens_per_step=131072 eval_micro_batch=1 omp_threads=8
[W731 10:50:26.755082255 socket.cpp:204] [c10d] The hostname of the client socket cannot be retrieved. err=-3
[W731 10:50:38.807067850 socket.cpp:204] [c10d] The hostname of the client socket cannot be retrieved. err=-3
[W731 10:50:57.597077947 socket.cpp:204] [c10d] The hostname of the client socket cannot be retrieved. err=-3
[W731 10:50:57.597077721 socket.cpp:204] [c10d] The hostname of the client socket cannot be retrieved. err=-3
[W731 10:50:57.597097855 socket.cpp:204] [c10d] The hostname of the client socket cannot be retrieved. err=-3
[W731 10:50:57.597124495 socket.cpp:204] [c10d] The hostname of the client socket cannot be retrieved. err=-3
[W731 10:51:09.621071296 socket.cpp:204] [c10d] The hostname of the client socket cannot be retrieved. err=-3
[W731 10:51:21.645076549 socket.cpp:204] [c10d] The hostname of the client socket cannot be retrieved. err=-3
[W731 10:51:33.674077876 socket.cpp:204] [c10d] The hostname of the client socket cannot be retrieved. err=-3
[W731 10:51:45.697073502 socket.cpp:204] [c10d] The hostname of the client socket cannot be retrieved. err=-3
{"config": {"vocab_size": 32768, "block_size": 8192, "n_layer": 22, "n_head": 12, "n_embd": 768, "fused_qkv": true, "dropout": 0.0, "bias": false, "position_encoding": "rope", "rope_theta": 1000000.0, "sinusoidal_theta": 10000.0, "norm_type": "rmsnorm", "norm_eps": 1e-06, "mlp_type": "swiglu", "activation": "silu", "intermediate_size": 2048, "num_key_value_heads": 4, "qk_norm": true, "use_sdpa": true, "scale_residual_init": true}, "parameters": 163615232}
resumed /public/home/u43077/lzh/outputs/minillm-general/new-model-v1/160m-openbpe-32k-8k/step-00215160.pt at optimizer step 215160
{"world_size": 4, "tokens_per_optimizer_step": 131072, "micro_batch_size": 4, "gradient_accumulation_steps": 1, "eval_micro_batch_size": 1, "train_tokens": 996031203, "validation_tokens": 5079660, "sequence_length": 8192, "model_max_context": 8192, "dataset_manifest_sha256": "4454a741a4972742676ebc787c057ccaecaa93030bab42d82c4bb8591afd5d05", "tokenizer_sha256": "21a9e8b44a54d25bd1ebc2367810c0cf298af8afa6c2ff1f0997e124f9b52dc3", "bf16": true, "compile": true, "gradient_checkpointing": false, "batch_layout": "records", "tokens_processed_at_start": 10500046848, "schedule_reference_tokens_per_step": null}
{"step": 215170, "tokens_processed": 10501357568, "train_loss": 2.3556482791900635, "lr": 1.701931283104703e-05, "grad_norm": 0.5671149492263794, "tokens_per_second": 30985.09064880841, "gpu_memory_gib": 28.127673149108887}
{"step": 215180, "tokens_processed": 10502668288, "train_loss": 2.3261380195617676, "lr": 1.6962269180056982e-05, "grad_norm": 0.5658618807792664, "tokens_per_second": 250796.93575085126, "gpu_memory_gib": 27.930435180664062}
{"step": 215190, "tokens_processed": 10503979008, "train_loss": 2.317087411880493, "lr": 1.690521726457024e-05, "grad_norm": 0.6403772830963135, "tokens_per_second": 257221.23292730126, "gpu_memory_gib": 27.930435180664062}
{"step": 215200, "tokens_processed": 10505289728, "train_loss": 2.4221670627593994, "lr": 1.684815810456691e-05, "grad_norm": 0.5677114129066467, "tokens_per_second": 267739.6539087987, "gpu_memory_gib": 27.930435180664062}
{"step": 215210, "tokens_processed": 10506600448, "train_loss": 2.4545207023620605, "lr": 1.6791092720156608e-05, "grad_norm": 0.6192333698272705, "tokens_per_second": 264050.7556293336, "gpu_memory_gib": 27.930435180664062}
{"step": 215220, "tokens_processed": 10507911168, "train_loss": 2.324223279953003, "lr": 1.6734022131560246e-05, "grad_norm": 0.5479446053504944, "tokens_per_second": 273445.24442039186, "gpu_memory_gib": 27.930435180664062}
{"step": 215230, "tokens_processed": 10509221888, "train_loss": 2.2875289916992188, "lr": 1.667694735909177e-05, "grad_norm": 0.5612838268280029, "tokens_per_second": 268087.4205548696, "gpu_memory_gib": 27.930435180664062}
{"step": 215240, "tokens_processed": 10510532608, "train_loss": 2.376319408416748, "lr": 1.661986942313992e-05, "grad_norm": 0.5714550614356995, "tokens_per_second": 270729.18189424236, "gpu_memory_gib": 27.930435180664062}
{"step": 215250, "tokens_processed": 10511843328, "train_loss": 2.3814361095428467, "lr": 1.6562789344149995e-05, "grad_norm": 0.5729131698608398, "tokens_per_second": 277213.2218357734, "gpu_memory_gib": 27.930435180664062}
{"step": 215260, "tokens_processed": 10513154048, "train_loss": 2.4537036418914795, "lr": 1.650570814260562e-05, "grad_norm": 0.5932085514068604, "tokens_per_second": 270873.1187754786, "gpu_memory_gib": 27.930435180664062}
{"step": 215270, "tokens_processed": 10514464768, "train_loss": 2.389908790588379, "lr": 1.644862683901047e-05, "grad_norm": 0.6014038920402527, "tokens_per_second": 276295.7801508986, "gpu_memory_gib": 27.930435180664062}
{"step": 215280, "tokens_processed": 10515775488, "train_loss": 2.443253993988037, "lr": 1.639154645387006e-05, "grad_norm": 0.5883845686912537, "tokens_per_second": 268606.339651424, "gpu_memory_gib": 27.930435180664062}
{"step": 215290, "tokens_processed": 10517086208, "train_loss": 2.478379964828491, "lr": 1.633446800767349e-05, "grad_norm": 0.6026554107666016, "tokens_per_second": 265418.6238881265, "gpu_memory_gib": 27.930435180664062}
{"step": 215300, "tokens_processed": 10518396928, "train_loss": 2.3980023860931396, "lr": 1.627739252087516e-05, "grad_norm": 0.9613731503486633, "tokens_per_second": 270293.4762915448, "gpu_memory_gib": 27.930435180664062}
{"step": 215310, "tokens_processed": 10519707648, "train_loss": 2.2977824211120605, "lr": 1.6220321013876604e-05, "grad_norm": 0.5594703555107117, "tokens_per_second": 285351.0986024957, "gpu_memory_gib": 27.930435180664062}
{"step": 215320, "tokens_processed": 10521018368, "train_loss": 2.3879308700561523, "lr": 1.6163254507008178e-05, "grad_norm": 0.6060495376586914, "tokens_per_second": 284089.5677750754, "gpu_memory_gib": 27.930435180664062}
{"step": 215330, "tokens_processed": 10522329088, "train_loss": 2.373716354370117, "lr": 1.6106194020510864e-05, "grad_norm": 0.6036979556083679, "tokens_per_second": 275087.97325415723, "gpu_memory_gib": 27.930435180664062}
{"step": 215340, "tokens_processed": 10523639808, "train_loss": 2.4504506587982178, "lr": 1.6049140574517987e-05, "grad_norm": 0.7372041344642639, "tokens_per_second": 280590.82671020366, "gpu_memory_gib": 27.930435180664062}
{"step": 215350, "tokens_processed": 10524950528, "train_loss": 2.3104002475738525, "lr": 1.599209518903702e-05, "grad_norm": 0.6013013124465942, "tokens_per_second": 276007.24405947287, "gpu_memory_gib": 27.930435180664062}
{"step": 215360, "tokens_processed": 10526261248, "train_loss": 2.2739133834838867, "lr": 1.5935058883931333e-05, "grad_norm": 0.5926148891448975, "tokens_per_second": 276636.85592605895, "gpu_memory_gib": 27.930435180664062}
{"step": 215370, "tokens_processed": 10527571968, "train_loss": 2.3756420612335205, "lr": 1.5878032678901936e-05, "grad_norm": 0.6032384634017944, "tokens_per_second": 277585.90469494706, "gpu_memory_gib": 27.930435180664062}
{"step": 215380, "tokens_processed": 10528882688, "train_loss": 2.3708620071411133, "lr": 1.582101759346929e-05, "grad_norm": 0.5880141258239746, "tokens_per_second": 282764.107778894, "gpu_memory_gib": 27.930435180664062}
{"step": 215390, "tokens_processed": 10530193408, "train_loss": 2.3260245323181152, "lr": 1.576401464695504e-05, "grad_norm": 0.5656211972236633, "tokens_per_second": 283828.80372055614, "gpu_memory_gib": 27.930435180664062}
{"step": 215400, "tokens_processed": 10531504128, "train_loss": 2.2737770080566406, "lr": 1.5707024858463822e-05, "grad_norm": 0.5630956888198853, "tokens_per_second": 280570.8791382648, "gpu_memory_gib": 27.930435180664062}
{"step": 215410, "tokens_processed": 10532814848, "train_loss": 2.3343257904052734, "lr": 1.565004924686503e-05, "grad_norm": 0.5826883316040039, "tokens_per_second": 283306.3342423002, "gpu_memory_gib": 27.930435180664062}
{"step": 215420, "tokens_processed": 10534125568, "train_loss": 2.313265323638916, "lr": 1.5593088830774606e-05, "grad_norm": 0.5702421069145203, "tokens_per_second": 283811.92428297043, "gpu_memory_gib": 27.930435180664062}
{"step": 215430, "tokens_processed": 10535436288, "train_loss": 2.387080430984497, "lr": 1.5536144628536816e-05, "grad_norm": 0.5442884564399719, "tokens_per_second": 291958.0594636916, "gpu_memory_gib": 27.930435180664062}
{"step": 215440, "tokens_processed": 10536747008, "train_loss": 2.4256176948547363, "lr": 1.547921765820605e-05, "grad_norm": 0.5638167858123779, "tokens_per_second": 274680.36165626254, "gpu_memory_gib": 27.930435180664062}
{"step": 215450, "tokens_processed": 10538057728, "train_loss": 2.3256616592407227, "lr": 1.5422308937528634e-05, "grad_norm": 0.5796341896057129, "tokens_per_second": 269569.79536213924, "gpu_memory_gib": 27.930435180664062}
{"step": 215460, "tokens_processed": 10539368448, "train_loss": 2.450047731399536, "lr": 1.5365419483924626e-05, "grad_norm": 0.6060900092124939, "tokens_per_second": 265427.06033306505, "gpu_memory_gib": 27.930435180664062}
{"step": 215470, "tokens_processed": 10540679168, "train_loss": 2.221160888671875, "lr": 1.530855031446962e-05, "grad_norm": 0.6086886525154114, "tokens_per_second": 280973.06295221427, "gpu_memory_gib": 27.930435180664062}
{"step": 215480, "tokens_processed": 10541989888, "train_loss": 2.4154253005981445, "lr": 1.5251702445876568e-05, "grad_norm": 0.5421188473701477, "tokens_per_second": 287729.790531951, "gpu_memory_gib": 27.930435180664062}
{"step": 215490, "tokens_processed": 10543300608, "train_loss": 2.458409547805786, "lr": 1.5194876894477599e-05, "grad_norm": 0.5590507388114929, "tokens_per_second": 282543.2838294947, "gpu_memory_gib": 27.930435180664062}
{"step": 215500, "tokens_processed": 10544611328, "train_loss": 2.3860137462615967, "lr": 1.5138074676205867e-05, "grad_norm": 0.58387291431427, "tokens_per_second": 269703.26743284863, "gpu_memory_gib": 27.930435180664062}
{"step": 215500, "validation_loss": 2.317995548248291, "validation_nats_per_byte": 0.5794048130257115}
{"step": 215510, "tokens_processed": 10545922048, "train_loss": 2.325810670852661, "lr": 1.5081296806577361e-05, "grad_norm": 0.566542387008667, "tokens_per_second": 57245.970082146, "gpu_memory_gib": 27.930435180664062}
{"step": 215520, "tokens_processed": 10547232768, "train_loss": 2.354640483856201, "lr": 1.5024544300672758e-05, "grad_norm": 1.9003535509109497, "tokens_per_second": 262631.23664214683, "gpu_memory_gib": 27.930435180664062}
{"step": 215530, "tokens_processed": 10548543488, "train_loss": 2.419879913330078, "lr": 1.4967818173119306e-05, "grad_norm": 0.6081709861755371, "tokens_per_second": 232236.06885508937, "gpu_memory_gib": 27.930435180664062}
{"step": 215540, "tokens_processed": 10549854208, "train_loss": 2.357154369354248, "lr": 1.4911119438072622e-05, "grad_norm": 0.5759482979774475, "tokens_per_second": 251320.12753815867, "gpu_memory_gib": 27.930435180664062}
{"step": 215550, "tokens_processed": 10551164928, "train_loss": 2.4180712699890137, "lr": 1.485444910919862e-05, "grad_norm": 0.5909938216209412, "tokens_per_second": 253228.8887981778, "gpu_memory_gib": 27.930435180664062}
{"step": 215560, "tokens_processed": 10552475648, "train_loss": 2.3733911514282227, "lr": 1.4797808199655362e-05, "grad_norm": 0.5781828165054321, "tokens_per_second": 257011.12051144082, "gpu_memory_gib": 27.930435180664062}
{"step": 215570, "tokens_processed": 10553786368, "train_loss": 2.4895224571228027, "lr": 1.4741197722074944e-05, "grad_norm": 0.5587059855461121, "tokens_per_second": 267484.8896750857, "gpu_memory_gib": 27.930435180664062}
{"step": 215580, "tokens_processed": 10555097088, "train_loss": 2.3262767791748047, "lr": 1.468461868854541e-05, "grad_norm": 0.5902225375175476, "tokens_per_second": 284085.1091030347, "gpu_memory_gib": 27.930435180664062}
{"step": 215590, "tokens_processed": 10556407808, "train_loss": 2.304888963699341, "lr": 1.4628072110592614e-05, "grad_norm": 0.5731440782546997, "tokens_per_second": 261612.09026799077, "gpu_memory_gib": 27.930435180664062}
{"step": 215600, "tokens_processed": 10557718528, "train_loss": 2.489150047302246, "lr": 1.4571558999162194e-05, "grad_norm": 0.6133021712303162, "tokens_per_second": 266623.2570505479, "gpu_memory_gib": 27.930435180664062}
{"step": 215610, "tokens_processed": 10559029248, "train_loss": 2.3644254207611084, "lr": 1.451508036460146e-05, "grad_norm": 0.5720149278640747, "tokens_per_second": 264589.99155829684, "gpu_memory_gib": 27.930435180664062}
{"step": 215620, "tokens_processed": 10560339968, "train_loss": 2.343639850616455, "lr": 1.445863721664134e-05, "grad_norm": 0.554060697555542, "tokens_per_second": 255046.97923852885, "gpu_memory_gib": 27.930435180664062}
{"step": 215630, "tokens_processed": 10561650688, "train_loss": 2.3599109649658203, "lr": 1.4402230564378339e-05, "grad_norm": 0.5800086259841919, "tokens_per_second": 274153.2220967308, "gpu_memory_gib": 27.930435180664062}
{"step": 215640, "tokens_processed": 10562961408, "train_loss": 2.4676992893218994, "lr": 1.4345861416256462e-05, "grad_norm": 0.5753089785575867, "tokens_per_second": 267090.0576909714, "gpu_memory_gib": 27.930435180664062}
{"step": 215650, "tokens_processed": 10564272128, "train_loss": 2.4035234451293945, "lr": 1.4289530780049238e-05, "grad_norm": 0.5931952595710754, "tokens_per_second": 270097.0129850268, "gpu_memory_gib": 27.930435180664062}
{"step": 215660, "tokens_processed": 10565582848, "train_loss": 2.2497363090515137, "lr": 1.4233239662841663e-05, "grad_norm": 0.5513578057289124, "tokens_per_second": 284025.07723456144, "gpu_memory_gib": 27.930435180664062}
{"step": 215670, "tokens_processed": 10566893568, "train_loss": 2.4591031074523926, "lr": 1.417698907101222e-05, "grad_norm": 0.5780563354492188, "tokens_per_second": 266293.34059755073, "gpu_memory_gib": 27.930435180664062}
{"step": 215680, "tokens_processed": 10568204288, "train_loss": 2.3828797340393066, "lr": 1.4120780010214862e-05, "grad_norm": 0.5892951488494873, "tokens_per_second": 270489.744631952, "gpu_memory_gib": 27.930435180664062}
{"step": 215690, "tokens_processed": 10569515008, "train_loss": 2.4222912788391113, "lr": 1.4064613485361046e-05, "grad_norm": 0.6289580464363098, "tokens_per_second": 261186.48827289135, "gpu_memory_gib": 27.930435180664062}
{"step": 215700, "tokens_processed": 10570825728, "train_loss": 2.424410104751587, "lr": 1.4008490500601768e-05, "grad_norm": 0.5970435738563538, "tokens_per_second": 261135.67819325996, "gpu_memory_gib": 27.930435180664062}
{"step": 215710, "tokens_processed": 10572136448, "train_loss": 2.3936049938201904, "lr": 1.3952412059309626e-05, "grad_norm": 0.5864936709403992, "tokens_per_second": 256458.9853495024, "gpu_memory_gib": 27.930435180664062}
{"step": 215720, "tokens_processed": 10573447168, "train_loss": 2.336958408355713, "lr": 1.3896379164060845e-05, "grad_norm": 0.5403295159339905, "tokens_per_second": 262668.91421626636, "gpu_memory_gib": 27.930435180664062}
{"step": 215730, "tokens_processed": 10574757888, "train_loss": 2.3738250732421875, "lr": 1.3840392816617378e-05, "grad_norm": 0.6112134456634521, "tokens_per_second": 276414.77471101104, "gpu_memory_gib": 27.930435180664062}
{"step": 215740, "tokens_processed": 10576068608, "train_loss": 2.417527675628662, "lr": 1.3784454017908993e-05, "grad_norm": 0.6271587014198303, "tokens_per_second": 269986.0200173663, "gpu_memory_gib": 27.930435180664062}
{"step": 215750, "tokens_processed": 10577379328, "train_loss": 2.3423056602478027, "lr": 1.3728563768015385e-05, "grad_norm": 0.8519709706306458, "tokens_per_second": 273012.18348704017, "gpu_memory_gib": 27.930435180664062}
{"step": 215760, "tokens_processed": 10578690048, "train_loss": 2.3351688385009766, "lr": 1.3672723066148276e-05, "grad_norm": 0.5334983468055725, "tokens_per_second": 279134.4813143891, "gpu_memory_gib": 27.930435180664062}
{"step": 215770, "tokens_processed": 10580000768, "train_loss": 2.358494997024536, "lr": 1.3616932910633564e-05, "grad_norm": 0.5510583519935608, "tokens_per_second": 275675.6901001859, "gpu_memory_gib": 27.930435180664062}
{"step": 215780, "tokens_processed": 10581311488, "train_loss": 2.333566427230835, "lr": 1.356119429889349e-05, "grad_norm": 0.5486541986465454, "tokens_per_second": 272789.2465283465, "gpu_memory_gib": 27.930435180664062}
{"step": 215790, "tokens_processed": 10582622208, "train_loss": 2.3895263671875, "lr": 1.3505508227428763e-05, "grad_norm": 0.5666629076004028, "tokens_per_second": 281423.19979494205, "gpu_memory_gib": 27.930435180664062}
{"step": 215800, "tokens_processed": 10583932928, "train_loss": 2.255920886993408, "lr": 1.3449875691800797e-05, "grad_norm": 0.6149847507476807, "tokens_per_second": 287198.68779497524, "gpu_memory_gib": 27.930435180664062}
{"step": 215810, "tokens_processed": 10585243648, "train_loss": 2.502814531326294, "lr": 1.339429768661387e-05, "grad_norm": 0.6037456393241882, "tokens_per_second": 248680.0658346088, "gpu_memory_gib": 27.930435180664062}
{"step": 215820, "tokens_processed": 10586554368, "train_loss": 2.4434452056884766, "lr": 1.3338775205497367e-05, "grad_norm": 0.6017904281616211, "tokens_per_second": 266349.1318220056, "gpu_memory_gib": 27.930435180664062}
{"step": 215830, "tokens_processed": 10587865088, "train_loss": 2.36637020111084, "lr": 1.3283309241088013e-05, "grad_norm": 0.5911765694618225, "tokens_per_second": 276406.36970966525, "gpu_memory_gib": 27.930435180664062}
{"step": 215840, "tokens_processed": 10589175808, "train_loss": 2.3832809925079346, "lr": 1.3227900785012103e-05, "grad_norm": 0.552040159702301, "tokens_per_second": 279587.2713383688, "gpu_memory_gib": 27.930435180664062}
{"step": 215850, "tokens_processed": 10590486528, "train_loss": 2.345696449279785, "lr": 1.317255082786781e-05, "grad_norm": 0.5741724967956543, "tokens_per_second": 289143.72119903436, "gpu_memory_gib": 27.930435180664062}
{"step": 215860, "tokens_processed": 10591797248, "train_loss": 2.2881217002868652, "lr": 1.3117260359207448e-05, "grad_norm": 0.5895788073539734, "tokens_per_second": 279989.2277610079, "gpu_memory_gib": 27.930435180664062}
{"step": 215870, "tokens_processed": 10593107968, "train_loss": 2.442410469055176, "lr": 1.3062030367519793e-05, "grad_norm": 0.5913273692131042, "tokens_per_second": 274654.74095486547, "gpu_memory_gib": 27.930435180664062}
{"step": 215880, "tokens_processed": 10594418688, "train_loss": 2.3292555809020996, "lr": 1.3006861840212413e-05, "grad_norm": 0.5209121704101562, "tokens_per_second": 283634.37083339057, "gpu_memory_gib": 27.930435180664062}
{"step": 215890, "tokens_processed": 10595729408, "train_loss": 2.4425501823425293, "lr": 1.295175576359399e-05, "grad_norm": 0.5552931427955627, "tokens_per_second": 283084.2213943701, "gpu_memory_gib": 27.930435180664062}
{"step": 215900, "tokens_processed": 10597040128, "train_loss": 2.347504138946533, "lr": 1.2896713122856729e-05, "grad_norm": 0.5955979228019714, "tokens_per_second": 284786.48811992427, "gpu_memory_gib": 27.930435180664062}
{"step": 215910, "tokens_processed": 10598350848, "train_loss": 2.265726327896118, "lr": 1.2841734902058705e-05, "grad_norm": 0.5533117055892944, "tokens_per_second": 284637.9513895854, "gpu_memory_gib": 27.930435180664062}
{"step": 215920, "tokens_processed": 10599661568, "train_loss": 2.3778433799743652, "lr": 1.27868220841063e-05, "grad_norm": 0.5645106434822083, "tokens_per_second": 289788.354072087, "gpu_memory_gib": 27.930435180664062}
{"step": 215930, "tokens_processed": 10600972288, "train_loss": 2.3373072147369385, "lr": 1.2731975650736608e-05, "grad_norm": 0.5431057214736938, "tokens_per_second": 286549.0377212657, "gpu_memory_gib": 27.930435180664062}
{"step": 215940, "tokens_processed": 10602283008, "train_loss": 2.3002231121063232, "lr": 1.2677196582499891e-05, "grad_norm": 0.6224110126495361, "tokens_per_second": 287885.21876562765, "gpu_memory_gib": 27.930435180664062}
{"step": 215950, "tokens_processed": 10603593728, "train_loss": 2.407015800476074, "lr": 1.2622485858742055e-05, "grad_norm": 0.6067320108413696, "tokens_per_second": 284806.2015100603, "gpu_memory_gib": 27.930435180664062}
{"step": 215960, "tokens_processed": 10604904448, "train_loss": 2.333934783935547, "lr": 1.2567844457587143e-05, "grad_norm": 0.6029900908470154, "tokens_per_second": 291138.19930118794, "gpu_memory_gib": 27.930435180664062}
{"step": 215970, "tokens_processed": 10606215168, "train_loss": 2.3713817596435547, "lr": 1.2513273355919825e-05, "grad_norm": 0.5616816282272339, "tokens_per_second": 281054.92315228755, "gpu_memory_gib": 27.930435180664062}
{"step": 215980, "tokens_processed": 10607525888, "train_loss": 2.3379807472229004, "lr": 1.245877352936796e-05, "grad_norm": 0.604951798915863, "tokens_per_second": 288546.2249621185, "gpu_memory_gib": 27.930435180664062}
{"step": 215990, "tokens_processed": 10608836608, "train_loss": 2.3301572799682617, "lr": 1.2404345952285135e-05, "grad_norm": 0.6052326560020447, "tokens_per_second": 287987.0700479568, "gpu_memory_gib": 27.930435180664062}
{"step": 216000, "tokens_processed": 10610147328, "train_loss": 2.341006278991699, "lr": 1.2349991597733274e-05, "grad_norm": 0.5701061487197876, "tokens_per_second": 286597.9656736757, "gpu_memory_gib": 27.930435180664062}
{"step": 216000, "validation_loss": 2.315581798553467, "validation_nats_per_byte": 0.578801473562149}
{"step": 216010, "tokens_processed": 10611458048, "train_loss": 2.4205527305603027, "lr": 1.2295711437465195e-05, "grad_norm": 0.5699890851974487, "tokens_per_second": 239803.46869221993, "gpu_memory_gib": 27.930435180664062}
{"step": 216020, "tokens_processed": 10612768768, "train_loss": 2.3483011722564697, "lr": 1.224150644190728e-05, "grad_norm": 0.5440335869789124, "tokens_per_second": 291044.214792098, "gpu_memory_gib": 27.930435180664062}
{"step": 216030, "tokens_processed": 10614079488, "train_loss": 2.4618349075317383, "lr": 1.2187377580142093e-05, "grad_norm": 0.6286654472351074, "tokens_per_second": 293648.29124870594, "gpu_memory_gib": 27.930435180664062}
{"step": 216040, "tokens_processed": 10615390208, "train_loss": 2.3573789596557617, "lr": 1.213332581989109e-05, "grad_norm": 0.5869576930999756, "tokens_per_second": 293970.74200682016, "gpu_memory_gib": 27.930435180664062}
{"step": 216050, "tokens_processed": 10616700928, "train_loss": 2.397484302520752, "lr": 1.2079352127497283e-05, "grad_norm": 0.5715948939323425, "tokens_per_second": 288772.12624809024, "gpu_memory_gib": 27.930435180664062}
{"step": 216060, "tokens_processed": 10618011648, "train_loss": 2.441351890563965, "lr": 1.2025457467907982e-05, "grad_norm": 0.6121276617050171, "tokens_per_second": 289890.50741748174, "gpu_memory_gib": 27.930435180664062}
{"step": 216070, "tokens_processed": 10619322368, "train_loss": 2.3315987586975098, "lr": 1.1971642804657553e-05, "grad_norm": 0.5971177816390991, "tokens_per_second": 288711.40793101664, "gpu_memory_gib": 27.930435180664062}
{"step": 216080, "tokens_processed": 10620633088, "train_loss": 2.4242260456085205, "lr": 1.1917909099850153e-05, "grad_norm": 0.5514006018638611, "tokens_per_second": 292881.2497518649, "gpu_memory_gib": 27.930435180664062}
{"step": 216090, "tokens_processed": 10621943808, "train_loss": 2.342600107192993, "lr": 1.1864257314142579e-05, "grad_norm": 0.6073738932609558, "tokens_per_second": 270360.68513197504, "gpu_memory_gib": 27.930435180664062}
{"step": 216100, "tokens_processed": 10623254528, "train_loss": 2.4384918212890625, "lr": 1.1810688406727055e-05, "grad_norm": 0.6266851425170898, "tokens_per_second": 290765.1492106089, "gpu_memory_gib": 27.930435180664062}
{"step": 216110, "tokens_processed": 10624565248, "train_loss": 2.2977681159973145, "lr": 1.1757203335314111e-05, "grad_norm": 0.550199031829834, "tokens_per_second": 286897.10336463567, "gpu_memory_gib": 27.930435180664062}
{"step": 216120, "tokens_processed": 10625875968, "train_loss": 2.370232105255127, "lr": 1.170380305611544e-05, "grad_norm": 0.5588536858558655, "tokens_per_second": 288180.5695783427, "gpu_memory_gib": 27.930435180664062}
{"step": 216130, "tokens_processed": 10627186688, "train_loss": 2.371689558029175, "lr": 1.1650488523826811e-05, "grad_norm": 0.5979102849960327, "tokens_per_second": 279147.50510891894, "gpu_memory_gib": 27.930435180664062}
{"step": 216140, "tokens_processed": 10628497408, "train_loss": 2.4035308361053467, "lr": 1.1597260691610998e-05, "grad_norm": 0.591898500919342, "tokens_per_second": 292824.70521356177, "gpu_memory_gib": 27.930435180664062}
{"step": 216150, "tokens_processed": 10629808128, "train_loss": 2.3487887382507324, "lr": 1.1544120511080752e-05, "grad_norm": 0.5726814270019531, "tokens_per_second": 289529.75673398725, "gpu_memory_gib": 27.930435180664062}
{"step": 216160, "tokens_processed": 10631118848, "train_loss": 2.372274875640869, "lr": 1.149106893228177e-05, "grad_norm": 0.5902905464172363, "tokens_per_second": 291086.4610511503, "gpu_memory_gib": 27.930435180664062}
{"step": 216170, "tokens_processed": 10632429568, "train_loss": 2.394984722137451, "lr": 1.1438106903675727e-05, "grad_norm": 0.5492184162139893, "tokens_per_second": 286203.9391656127, "gpu_memory_gib": 27.930435180664062}
{"step": 216180, "tokens_processed": 10633740288, "train_loss": 2.364776372909546, "lr": 1.1385235372123293e-05, "grad_norm": 0.5855498909950256, "tokens_per_second": 278578.4307335743, "gpu_memory_gib": 27.930435180664062}
{"step": 216190, "tokens_processed": 10635051008, "train_loss": 2.3465640544891357, "lr": 1.1332455282867238e-05, "grad_norm": 0.5681264400482178, "tokens_per_second": 278463.78275440226, "gpu_memory_gib": 27.930435180664062}
{"step": 216200, "tokens_processed": 10636361728, "train_loss": 2.345663070678711, "lr": 1.1279767579515509e-05, "grad_norm": 0.5424138903617859, "tokens_per_second": 274541.6625789706, "gpu_memory_gib": 27.930435180664062}
{"step": 216210, "tokens_processed": 10637672448, "train_loss": 2.3295364379882812, "lr": 1.1227173204024376e-05, "grad_norm": 0.5747451782226562, "tokens_per_second": 287938.0060122594, "gpu_memory_gib": 27.930435180664062}
{"step": 216220, "tokens_processed": 10638983168, "train_loss": 2.443513870239258, "lr": 1.117467309668158e-05, "grad_norm": 0.571645200252533, "tokens_per_second": 273010.2666385225, "gpu_memory_gib": 27.930435180664062}
{"step": 216230, "tokens_processed": 10640293888, "train_loss": 2.3351054191589355, "lr": 1.1122268196089514e-05, "grad_norm": 0.5789714455604553, "tokens_per_second": 276070.88938228285, "gpu_memory_gib": 27.930435180664062}
{"step": 216240, "tokens_processed": 10641604608, "train_loss": 2.3839495182037354, "lr": 1.1069959439148475e-05, "grad_norm": 0.5991329550743103, "tokens_per_second": 286292.15542937326, "gpu_memory_gib": 27.930435180664062}
{"step": 216250, "tokens_processed": 10642915328, "train_loss": 2.271832227706909, "lr": 1.1017747761039887e-05, "grad_norm": 0.5740175843238831, "tokens_per_second": 285930.4366148448, "gpu_memory_gib": 27.930435180664062}
{"step": 216260, "tokens_processed": 10644226048, "train_loss": 2.4164175987243652, "lr": 1.0965634095209578e-05, "grad_norm": 0.577862560749054, "tokens_per_second": 246849.95663848607, "gpu_memory_gib": 27.930435180664062}
{"step": 216270, "tokens_processed": 10645536768, "train_loss": 2.340611457824707, "lr": 1.0913619373351119e-05, "grad_norm": 0.6065407991409302, "tokens_per_second": 273638.40705157846, "gpu_memory_gib": 27.930435180664062}
{"step": 216280, "tokens_processed": 10646847488, "train_loss": 2.3837456703186035, "lr": 1.0861704525389132e-05, "grad_norm": 0.5877916216850281, "tokens_per_second": 265129.02887106134, "gpu_memory_gib": 27.930435180664062}
{"step": 216290, "tokens_processed": 10648158208, "train_loss": 2.4091663360595703, "lr": 1.0809890479462692e-05, "grad_norm": 0.5637080669403076, "tokens_per_second": 275137.74778533826, "gpu_memory_gib": 27.930435180664062}
{"step": 216300, "tokens_processed": 10649468928, "train_loss": 2.399843692779541, "lr": 1.0758178161908733e-05, "grad_norm": 0.575097382068634, "tokens_per_second": 271891.78426414117, "gpu_memory_gib": 27.930435180664062}
{"step": 216310, "tokens_processed": 10650779648, "train_loss": 2.4246702194213867, "lr": 1.070656849724547e-05, "grad_norm": 0.6210420727729797, "tokens_per_second": 272438.51778403023, "gpu_memory_gib": 27.930435180664062}
{"step": 216320, "tokens_processed": 10652090368, "train_loss": 2.4038920402526855, "lr": 1.0655062408155882e-05, "grad_norm": 0.6185564994812012, "tokens_per_second": 269176.3671748836, "gpu_memory_gib": 27.930435180664062}
{"step": 216330, "tokens_processed": 10653401088, "train_loss": 2.3345866203308105, "lr": 1.0603660815471204e-05, "grad_norm": 0.5492861866950989, "tokens_per_second": 273880.5603988175, "gpu_memory_gib": 27.930435180664062}
{"step": 216340, "tokens_processed": 10654711808, "train_loss": 2.37904691696167, "lr": 1.0552364638154477e-05, "grad_norm": 0.6325548887252808, "tokens_per_second": 272914.11769674224, "gpu_memory_gib": 27.930435180664062}
{"step": 216350, "tokens_processed": 10656022528, "train_loss": 2.3147056102752686, "lr": 1.050117479328413e-05, "grad_norm": 0.5689852237701416, "tokens_per_second": 268543.016316647, "gpu_memory_gib": 27.930435180664062}
{"step": 216360, "tokens_processed": 10657333248, "train_loss": 2.4758071899414062, "lr": 1.045009219603755e-05, "grad_norm": 0.5499737858772278, "tokens_per_second": 259246.20619724944, "gpu_memory_gib": 27.930435180664062}
{"step": 216370, "tokens_processed": 10658643968, "train_loss": 2.3858802318573, "lr": 1.0399117759674753e-05, "grad_norm": 0.5517901182174683, "tokens_per_second": 261729.38707350392, "gpu_memory_gib": 27.930435180664062}
{"step": 216380, "tokens_processed": 10659954688, "train_loss": 2.4213342666625977, "lr": 1.0348252395522025e-05, "grad_norm": 0.5701922178268433, "tokens_per_second": 273457.86482046737, "gpu_memory_gib": 27.930435180664062}
{"step": 216390, "tokens_processed": 10661265408, "train_loss": 2.425990581512451, "lr": 1.0297497012955675e-05, "grad_norm": 0.5565050840377808, "tokens_per_second": 264224.15374054434, "gpu_memory_gib": 27.930435180664062}
{"step": 216400, "tokens_processed": 10662576128, "train_loss": 2.3819239139556885, "lr": 1.024685251938573e-05, "grad_norm": 0.6055009961128235, "tokens_per_second": 274160.1448682604, "gpu_memory_gib": 27.930435180664062}
{"step": 216410, "tokens_processed": 10663886848, "train_loss": 2.3569750785827637, "lr": 1.0196319820239734e-05, "grad_norm": 0.588519811630249, "tokens_per_second": 265783.2428134527, "gpu_memory_gib": 27.930435180664062}
{"step": 216420, "tokens_processed": 10665197568, "train_loss": 2.347034454345703, "lr": 1.0145899818946566e-05, "grad_norm": 0.5364859700202942, "tokens_per_second": 253079.9037957965, "gpu_memory_gib": 27.930435180664062}
{"step": 216430, "tokens_processed": 10666508288, "train_loss": 2.4206764698028564, "lr": 1.0095593416920275e-05, "grad_norm": 0.5792050957679749, "tokens_per_second": 280226.2304527929, "gpu_memory_gib": 27.930435180664062}
{"step": 216440, "tokens_processed": 10667819008, "train_loss": 2.3330347537994385, "lr": 1.0045401513543973e-05, "grad_norm": 0.6032399535179138, "tokens_per_second": 282904.29430308694, "gpu_memory_gib": 27.930435180664062}
{"step": 216450, "tokens_processed": 10669129728, "train_loss": 2.4686553478240967, "lr": 9.995325006153748e-06, "grad_norm": 0.5894556045532227, "tokens_per_second": 286963.9655925753, "gpu_memory_gib": 27.930435180664062}
{"step": 216460, "tokens_processed": 10670440448, "train_loss": 2.438567638397217, "lr": 9.945364790022637e-06, "grad_norm": 0.5798397660255432, "tokens_per_second": 280609.3397745586, "gpu_memory_gib": 27.930435180664062}
{"step": 216470, "tokens_processed": 10671751168, "train_loss": 2.4092416763305664, "lr": 9.895521758344601e-06, "grad_norm": 0.5351951718330383, "tokens_per_second": 270215.20281202515, "gpu_memory_gib": 27.930435180664062}
{"step": 216480, "tokens_processed": 10673061888, "train_loss": 2.299121856689453, "lr": 9.845796802218567e-06, "grad_norm": 0.588908314704895, "tokens_per_second": 272617.37506451935, "gpu_memory_gib": 27.930435180664062}
{"step": 216490, "tokens_processed": 10674372608, "train_loss": 2.2361464500427246, "lr": 9.796190810632495e-06, "grad_norm": 0.5276468992233276, "tokens_per_second": 279300.51993894106, "gpu_memory_gib": 27.930435180664062}
{"step": 216500, "tokens_processed": 10675683328, "train_loss": 2.2776429653167725, "lr": 9.746704670447488e-06, "grad_norm": 0.5557799339294434, "tokens_per_second": 274704.59495659004, "gpu_memory_gib": 27.930435180664062}
{"step": 216500, "validation_loss": 2.312401294708252, "validation_nats_per_byte": 0.5780064766791062}
{"step": 216510, "tokens_processed": 10676994048, "train_loss": 2.4114797115325928, "lr": 9.69733926638192e-06, "grad_norm": 0.5767778158187866, "tokens_per_second": 247853.76480482018, "gpu_memory_gib": 27.930435180664062}
{"step": 216520, "tokens_processed": 10678304768, "train_loss": 2.243400812149048, "lr": 9.648095480995665e-06, "grad_norm": 0.55898118019104, "tokens_per_second": 278272.0799854075, "gpu_memory_gib": 27.930435180664062}
{"step": 216530, "tokens_processed": 10679615488, "train_loss": 2.371760845184326, "lr": 9.598974194674241e-06, "grad_norm": 0.5808979272842407, "tokens_per_second": 284141.49048047076, "gpu_memory_gib": 27.930435180664062}
{"step": 216540, "tokens_processed": 10680926208, "train_loss": 2.3967156410217285, "lr": 9.549976285613146e-06, "grad_norm": 0.6140144467353821, "tokens_per_second": 289890.9237268604, "gpu_memory_gib": 27.930435180664062}
{"step": 216550, "tokens_processed": 10682236928, "train_loss": 2.3736391067504883, "lr": 9.50110262980211e-06, "grad_norm": 0.597530722618103, "tokens_per_second": 271408.7394446488, "gpu_memory_gib": 27.930435180664062}
{"step": 216560, "tokens_processed": 10683547648, "train_loss": 2.2622392177581787, "lr": 9.452354101009467e-06, "grad_norm": 0.5572481751441956, "tokens_per_second": 280019.2628583675, "gpu_memory_gib": 27.930435180664062}
{"step": 216570, "tokens_processed": 10684858368, "train_loss": 2.2994656562805176, "lr": 9.40373157076651e-06, "grad_norm": 0.5849759578704834, "tokens_per_second": 280999.8698862487, "gpu_memory_gib": 27.930435180664062}
{"step": 216580, "tokens_processed": 10686169088, "train_loss": 2.393791913986206, "lr": 9.355235908351902e-06, "grad_norm": 0.5624210834503174, "tokens_per_second": 272985.69910619274, "gpu_memory_gib": 27.930435180664062}
{"step": 216590, "tokens_processed": 10687479808, "train_loss": 2.3191235065460205, "lr": 9.306867980776167e-06, "grad_norm": 0.6612918376922607, "tokens_per_second": 282023.8555995674, "gpu_memory_gib": 27.930435180664062}
{"step": 216600, "tokens_processed": 10688790528, "train_loss": 2.3216845989227295, "lr": 9.258628652766171e-06, "grad_norm": 0.5797539353370667, "tokens_per_second": 281611.7119256453, "gpu_memory_gib": 27.930435180664062}
{"step": 216610, "tokens_processed": 10690101248, "train_loss": 2.262505054473877, "lr": 9.210518786749663e-06, "grad_norm": 0.5556600689888, "tokens_per_second": 289724.9084279471, "gpu_memory_gib": 27.930435180664062}
{"step": 216620, "tokens_processed": 10691411968, "train_loss": 2.240781545639038, "lr": 9.16253924283984e-06, "grad_norm": 0.5931891798973083, "tokens_per_second": 267779.571644976, "gpu_memory_gib": 27.930435180664062}
{"step": 216630, "tokens_processed": 10692722688, "train_loss": 2.4508697986602783, "lr": 9.114690878820015e-06, "grad_norm": 0.5384565591812134, "tokens_per_second": 288895.1187576061, "gpu_memory_gib": 27.930435180664062}
{"step": 216640, "tokens_processed": 10694033408, "train_loss": 2.2673354148864746, "lr": 9.066974550128231e-06, "grad_norm": 0.526608943939209, "tokens_per_second": 272904.14593765006, "gpu_memory_gib": 27.930435180664062}
{"step": 216650, "tokens_processed": 10695344128, "train_loss": 2.498697519302368, "lr": 9.019391109842002e-06, "grad_norm": 0.5889418125152588, "tokens_per_second": 276889.1361791217, "gpu_memory_gib": 27.930435180664062}
{"step": 216660, "tokens_processed": 10696654848, "train_loss": 2.4318017959594727, "lr": 8.971941408663043e-06, "grad_norm": 0.6346727013587952, "tokens_per_second": 266109.04248342296, "gpu_memory_gib": 27.930435180664062}
{"step": 216670, "tokens_processed": 10697965568, "train_loss": 2.4354004859924316, "lr": 8.924626294902066e-06, "grad_norm": 0.5853695869445801, "tokens_per_second": 267886.9513764872, "gpu_memory_gib": 27.930435180664062}
{"step": 216680, "tokens_processed": 10699276288, "train_loss": 2.355118751525879, "lr": 8.877446614463622e-06, "grad_norm": 0.543751060962677, "tokens_per_second": 273199.53929739457, "gpu_memory_gib": 27.930435180664062}
{"step": 216690, "tokens_processed": 10700587008, "train_loss": 2.4479689598083496, "lr": 8.830403210830965e-06, "grad_norm": 0.569049060344696, "tokens_per_second": 279174.02683818707, "gpu_memory_gib": 27.930435180664062}
{"step": 216700, "tokens_processed": 10701897728, "train_loss": 2.385603427886963, "lr": 8.78349692505098e-06, "grad_norm": 0.5844417810440063, "tokens_per_second": 96337.28176663734, "gpu_memory_gib": 27.93043565750122}
{"step": 216710, "tokens_processed": 10703208448, "train_loss": 2.3666186332702637, "lr": 8.736728595719145e-06, "grad_norm": 0.5571926236152649, "tokens_per_second": 246752.6166953696, "gpu_memory_gib": 27.93043565750122}
{"step": 216720, "tokens_processed": 10704519168, "train_loss": 2.390018939971924, "lr": 8.69009905896454e-06, "grad_norm": 0.5642279386520386, "tokens_per_second": 264889.49983301427, "gpu_memory_gib": 27.93043565750122}
{"step": 216730, "tokens_processed": 10705829888, "train_loss": 2.4130897521972656, "lr": 8.643609148434892e-06, "grad_norm": 0.5533853769302368, "tokens_per_second": 272348.5593822667, "gpu_memory_gib": 27.93043565750122}
{"step": 216740, "tokens_processed": 10707140608, "train_loss": 2.3203060626983643, "lr": 8.597259695281676e-06, "grad_norm": 0.5691912770271301, "tokens_per_second": 276746.90832482226, "gpu_memory_gib": 27.93043565750122}
{"step": 216750, "tokens_processed": 10708451328, "train_loss": 2.383635997772217, "lr": 8.551051528145266e-06, "grad_norm": 0.542999804019928, "tokens_per_second": 276653.0136144734, "gpu_memory_gib": 27.93043565750122}
{"step": 216760, "tokens_processed": 10709762048, "train_loss": 2.3666412830352783, "lr": 8.504985473140092e-06, "grad_norm": 0.5483826398849487, "tokens_per_second": 271061.39093635546, "gpu_memory_gib": 27.93043565750122}
{"step": 216770, "tokens_processed": 10711072768, "train_loss": 2.331655502319336, "lr": 8.459062353839902e-06, "grad_norm": 0.617234468460083, "tokens_per_second": 286199.95502917643, "gpu_memory_gib": 27.93043565750122}
{"step": 216780, "tokens_processed": 10712383488, "train_loss": 2.404177188873291, "lr": 8.413282991263026e-06, "grad_norm": 0.5511347651481628, "tokens_per_second": 276569.94827512006, "gpu_memory_gib": 27.93043565750122}
{"step": 216790, "tokens_processed": 10713694208, "train_loss": 2.367354154586792, "lr": 8.367648203857683e-06, "grad_norm": 0.5649749040603638, "tokens_per_second": 280279.5902003787, "gpu_memory_gib": 27.93043565750122}
{"step": 216800, "tokens_processed": 10715004928, "train_loss": 2.485853910446167, "lr": 8.32215880748737e-06, "grad_norm": 0.6102445125579834, "tokens_per_second": 282893.50193154806, "gpu_memory_gib": 27.93043565750122}
{"step": 216810, "tokens_processed": 10716315648, "train_loss": 2.384216070175171, "lr": 8.276815615416278e-06, "grad_norm": 0.5601116418838501, "tokens_per_second": 285674.0779280821, "gpu_memory_gib": 27.93043565750122}
{"step": 216820, "tokens_processed": 10717626368, "train_loss": 2.2618026733398438, "lr": 8.231619438294725e-06, "grad_norm": 0.6092495918273926, "tokens_per_second": 289429.8323558479, "gpu_memory_gib": 27.93043565750122}
{"step": 216830, "tokens_processed": 10718937088, "train_loss": 2.3885397911071777, "lr": 8.186571084144676e-06, "grad_norm": 0.5759184956550598, "tokens_per_second": 287308.53318409313, "gpu_memory_gib": 27.93043565750122}
{"step": 216840, "tokens_processed": 10720247808, "train_loss": 2.5301384925842285, "lr": 8.141671358345333e-06, "grad_norm": 0.5671297907829285, "tokens_per_second": 285007.79470604076, "gpu_memory_gib": 27.93043565750122}
{"step": 216850, "tokens_processed": 10721558528, "train_loss": 2.457134962081909, "lr": 8.096921063618676e-06, "grad_norm": 0.5797372460365295, "tokens_per_second": 290716.8574695407, "gpu_memory_gib": 27.93043565750122}
{"step": 216860, "tokens_processed": 10722869248, "train_loss": 2.439811944961548, "lr": 8.052321000015153e-06, "grad_norm": 0.6792382001876831, "tokens_per_second": 287365.74927606795, "gpu_memory_gib": 27.93043565750122}
{"step": 216870, "tokens_processed": 10724179968, "train_loss": 2.357888698577881, "lr": 8.007871964899346e-06, "grad_norm": 0.5903608202934265, "tokens_per_second": 268839.22463301034, "gpu_memory_gib": 27.93043565750122}
{"step": 216880, "tokens_processed": 10725490688, "train_loss": 2.488203525543213, "lr": 7.963574752935767e-06, "grad_norm": 0.5519311428070068, "tokens_per_second": 264488.9143238677, "gpu_memory_gib": 27.93043565750122}
{"step": 216890, "tokens_processed": 10726801408, "train_loss": 2.353776693344116, "lr": 7.91943015607459e-06, "grad_norm": 0.5474244356155396, "tokens_per_second": 282691.78732464614, "gpu_memory_gib": 27.93043565750122}
{"step": 216900, "tokens_processed": 10728112128, "train_loss": 2.440770149230957, "lr": 7.875438963537535e-06, "grad_norm": 0.5556090474128723, "tokens_per_second": 283296.41605966084, "gpu_memory_gib": 27.93043565750122}
{"step": 216910, "tokens_processed": 10729422848, "train_loss": 2.336127281188965, "lr": 7.83160196180373e-06, "grad_norm": 0.588263213634491, "tokens_per_second": 269412.3961757866, "gpu_memory_gib": 27.93043565750122}
{"step": 216920, "tokens_processed": 10730733568, "train_loss": 2.2597243785858154, "lr": 7.787919934595679e-06, "grad_norm": 0.5699947476387024, "tokens_per_second": 277433.044804286, "gpu_memory_gib": 27.93043565750122}
{"step": 216930, "tokens_processed": 10732044288, "train_loss": 2.3846607208251953, "lr": 7.744393662865226e-06, "grad_norm": 0.5721399188041687, "tokens_per_second": 277498.49903211574, "gpu_memory_gib": 27.93043565750122}
{"step": 216940, "tokens_processed": 10733355008, "train_loss": 2.3754231929779053, "lr": 7.701023924779602e-06, "grad_norm": 0.7274407148361206, "tokens_per_second": 277693.83075351914, "gpu_memory_gib": 27.93043565750122}
{"step": 216950, "tokens_processed": 10734665728, "train_loss": 2.332885265350342, "lr": 7.657811495707521e-06, "grad_norm": 0.5568162202835083, "tokens_per_second": 247720.64042674223, "gpu_memory_gib": 27.93043565750122}
{"step": 216960, "tokens_processed": 10735976448, "train_loss": 2.3840229511260986, "lr": 7.6147571482052966e-06, "grad_norm": 0.5638089776039124, "tokens_per_second": 276034.9589073364, "gpu_memory_gib": 27.93043565750122}
{"step": 216970, "tokens_processed": 10737287168, "train_loss": 2.325533390045166, "lr": 7.571861652003058e-06, "grad_norm": 0.6809724569320679, "tokens_per_second": 277429.7796410526, "gpu_memory_gib": 27.93043565750122}
{"step": 216980, "tokens_processed": 10738597888, "train_loss": 2.367152452468872, "lr": 7.529125773990967e-06, "grad_norm": 0.5307451486587524, "tokens_per_second": 282090.16503571346, "gpu_memory_gib": 27.93043565750122}
{"step": 216990, "tokens_processed": 10739908608, "train_loss": 2.3705074787139893, "lr": 7.486550278205513e-06, "grad_norm": 0.5746230483055115, "tokens_per_second": 281561.90748547023, "gpu_memory_gib": 27.93043565750122}
{"step": 217000, "tokens_processed": 10741219328, "train_loss": 2.2725298404693604, "lr": 7.444135925815855e-06, "grad_norm": 0.559600293636322, "tokens_per_second": 275045.29521308397, "gpu_memory_gib": 27.93043565750122}
{"step": 217000, "validation_loss": 2.310251235961914, "validation_nats_per_byte": 0.5774690492509743}
{"step": 217010, "tokens_processed": 10742530048, "train_loss": 2.4122891426086426, "lr": 7.401883475110229e-06, "grad_norm": 0.6043980121612549, "tokens_per_second": 233121.5068259341, "gpu_memory_gib": 27.93043565750122}
{"step": 217020, "tokens_processed": 10743840768, "train_loss": 2.419511318206787, "lr": 7.35979368148235e-06, "grad_norm": 0.5898372530937195, "tokens_per_second": 277757.17722824775, "gpu_memory_gib": 27.93043565750122}
{"step": 217030, "tokens_processed": 10745151488, "train_loss": 2.331714391708374, "lr": 7.317867297417949e-06, "grad_norm": 0.5476993322372437, "tokens_per_second": 286996.3691002296, "gpu_memory_gib": 27.93043565750122}
{"step": 217040, "tokens_processed": 10746462208, "train_loss": 2.343517541885376, "lr": 7.276105072481298e-06, "grad_norm": 0.5997869968414307, "tokens_per_second": 275708.00732005795, "gpu_memory_gib": 27.93043565750122}
{"step": 217050, "tokens_processed": 10747772928, "train_loss": 2.43700909614563, "lr": 7.234507753301826e-06, "grad_norm": 0.5678947567939758, "tokens_per_second": 287826.223731907, "gpu_memory_gib": 27.93043565750122}
{"step": 217060, "tokens_processed": 10749083648, "train_loss": 2.29134202003479, "lr": 7.193076083560749e-06, "grad_norm": 0.5390565991401672, "tokens_per_second": 291237.07055378874, "gpu_memory_gib": 27.93043565750122}
{"step": 217070, "tokens_processed": 10750394368, "train_loss": 2.359405040740967, "lr": 7.15181080397778e-06, "grad_norm": 0.5678938031196594, "tokens_per_second": 278755.63001760695, "gpu_memory_gib": 27.93043565750122}
{"step": 217080, "tokens_processed": 10751705088, "train_loss": 2.3241662979125977, "lr": 7.1107126522979e-06, "grad_norm": 0.5580512881278992, "tokens_per_second": 290613.5074680129, "gpu_memory_gib": 27.93043565750122}
{"step": 217090, "tokens_processed": 10753015808, "train_loss": 2.431063175201416, "lr": 7.069782363278165e-06, "grad_norm": 0.568856954574585, "tokens_per_second": 284458.6070586402, "gpu_memory_gib": 27.93043565750122}
{"step": 217100, "tokens_processed": 10754326528, "train_loss": 2.4105587005615234, "lr": 7.029020668674553e-06, "grad_norm": 0.582228422164917, "tokens_per_second": 255571.92514978483, "gpu_memory_gib": 27.93043565750122}
{"step": 217110, "tokens_processed": 10755637248, "train_loss": 2.292695999145508, "lr": 6.988428297228907e-06, "grad_norm": 0.5847036242485046, "tokens_per_second": 263891.7448759948, "gpu_memory_gib": 27.93043565750122}
{"step": 217120, "tokens_processed": 10756947968, "train_loss": 2.3396189212799072, "lr": 6.948005974655868e-06, "grad_norm": 0.5918312668800354, "tokens_per_second": 275907.90780786576, "gpu_memory_gib": 27.93043565750122}
{"step": 217130, "tokens_processed": 10758258688, "train_loss": 2.4014394283294678, "lr": 6.907754423629957e-06, "grad_norm": 0.5702068209648132, "tokens_per_second": 280628.2170982252, "gpu_memory_gib": 27.93043565750122}
{"step": 217140, "tokens_processed": 10759569408, "train_loss": 2.4102132320404053, "lr": 6.867674363772601e-06, "grad_norm": 0.5999593734741211, "tokens_per_second": 277776.55400443973, "gpu_memory_gib": 27.93043565750122}
{"step": 217150, "tokens_processed": 10760880128, "train_loss": 2.3702549934387207, "lr": 6.827766511639303e-06, "grad_norm": 0.5787732601165771, "tokens_per_second": 274259.0632228567, "gpu_memory_gib": 27.93043565750122}
{"step": 217160, "tokens_processed": 10762190848, "train_loss": 2.3168792724609375, "lr": 6.788031580706807e-06, "grad_norm": 0.6100534200668335, "tokens_per_second": 277033.7704349176, "gpu_memory_gib": 27.93043565750122}
{"step": 217170, "tokens_processed": 10763501568, "train_loss": 2.312340021133423, "lr": 6.748470281360363e-06, "grad_norm": 0.5694718956947327, "tokens_per_second": 284220.9253389212, "gpu_memory_gib": 27.93043565750122}
{"step": 217180, "tokens_processed": 10764812288, "train_loss": 2.2955965995788574, "lr": 6.709083320881013e-06, "grad_norm": 0.5628100633621216, "tokens_per_second": 290046.675408855, "gpu_memory_gib": 27.93043565750122}
{"step": 217190, "tokens_processed": 10766123008, "train_loss": 2.356677532196045, "lr": 6.6698714034329516e-06, "grad_norm": 0.5923524498939514, "tokens_per_second": 278577.96434045705, "gpu_memory_gib": 27.93043565750122}
{"step": 217200, "tokens_processed": 10767433728, "train_loss": 2.4110240936279297, "lr": 6.630835230050935e-06, "grad_norm": 0.5850091576576233, "tokens_per_second": 272433.7538992056, "gpu_memory_gib": 27.93043565750122}
{"step": 217210, "tokens_processed": 10768744448, "train_loss": 2.4093427658081055, "lr": 6.591975498627749e-06, "grad_norm": 0.5702255964279175, "tokens_per_second": 282551.9537720275, "gpu_memory_gib": 27.93043565750122}
{"step": 217220, "tokens_processed": 10770055168, "train_loss": 2.276076078414917, "lr": 6.553292903901732e-06, "grad_norm": 0.5589655637741089, "tokens_per_second": 284988.0302006861, "gpu_memory_gib": 27.93043565750122}
{"step": 217230, "tokens_processed": 10771365888, "train_loss": 2.3915395736694336, "lr": 6.514788137444356e-06, "grad_norm": 0.5687264800071716, "tokens_per_second": 289633.7759727262, "gpu_memory_gib": 27.93043565750122}
{"step": 217240, "tokens_processed": 10772676608, "train_loss": 2.392965793609619, "lr": 6.476461887647856e-06, "grad_norm": 0.5978730320930481, "tokens_per_second": 279915.7064915772, "gpu_memory_gib": 27.93043565750122}
{"step": 217250, "tokens_processed": 10773987328, "train_loss": 2.4196367263793945, "lr": 6.438314839712931e-06, "grad_norm": 0.5698457360267639, "tokens_per_second": 278856.42442428786, "gpu_memory_gib": 27.93043565750122}
{"step": 217260, "tokens_processed": 10775298048, "train_loss": 2.3768088817596436, "lr": 6.4003476756364874e-06, "grad_norm": 0.5402632355690002, "tokens_per_second": 285509.70588441944, "gpu_memory_gib": 27.93043565750122}
{"step": 217270, "tokens_processed": 10776608768, "train_loss": 2.267139196395874, "lr": 6.362561074199453e-06, "grad_norm": 0.561926543712616, "tokens_per_second": 268538.2935131219, "gpu_memory_gib": 27.93043565750122}
{"step": 217280, "tokens_processed": 10777919488, "train_loss": 2.383122682571411, "lr": 6.324955710954637e-06, "grad_norm": 0.5419813990592957, "tokens_per_second": 285764.51712187805, "gpu_memory_gib": 27.93043565750122}
{"step": 217290, "tokens_processed": 10779230208, "train_loss": 2.4103777408599854, "lr": 6.287532258214646e-06, "grad_norm": 0.6202767491340637, "tokens_per_second": 291211.10478857544, "gpu_memory_gib": 27.93043565750122}
{"step": 217300, "tokens_processed": 10780540928, "train_loss": 2.345917224884033, "lr": 6.25029138503989e-06, "grad_norm": 0.5400651097297668, "tokens_per_second": 288674.17520077166, "gpu_memory_gib": 27.93043565750122}
{"step": 217310, "tokens_processed": 10781851648, "train_loss": 2.256889820098877, "lr": 6.213233757226581e-06, "grad_norm": 0.5844089984893799, "tokens_per_second": 287666.0372536889, "gpu_memory_gib": 27.93043565750122}
{"step": 217320, "tokens_processed": 10783162368, "train_loss": 2.2818336486816406, "lr": 6.176360037294862e-06, "grad_norm": 0.5696612000465393, "tokens_per_second": 288699.5759721573, "gpu_memory_gib": 27.93043565750122}
{"step": 217330, "tokens_processed": 10784473088, "train_loss": 2.340740203857422, "lr": 6.139670884476947e-06, "grad_norm": 0.5642139315605164, "tokens_per_second": 287992.4176879919, "gpu_memory_gib": 27.93043565750122}
{"step": 217340, "tokens_processed": 10785783808, "train_loss": 2.3446125984191895, "lr": 6.103166954705352e-06, "grad_norm": 0.5874139070510864, "tokens_per_second": 279717.19781203015, "gpu_memory_gib": 27.93043565750122}
{"step": 217350, "tokens_processed": 10787094528, "train_loss": 2.4239375591278076, "lr": 6.066848900601146e-06, "grad_norm": 0.5780258774757385, "tokens_per_second": 286965.0525155826, "gpu_memory_gib": 27.93043565750122}
{"step": 217360, "tokens_processed": 10788405248, "train_loss": 2.3674607276916504, "lr": 6.030717371462287e-06, "grad_norm": 0.6456004977226257, "tokens_per_second": 289341.0329336115, "gpu_memory_gib": 27.93043565750122}
{"step": 217370, "tokens_processed": 10789715968, "train_loss": 2.3564534187316895, "lr": 5.994773013252029e-06, "grad_norm": 0.5619837641716003, "tokens_per_second": 290116.94116228115, "gpu_memory_gib": 27.93043565750122}
{"step": 217380, "tokens_processed": 10791026688, "train_loss": 2.390038013458252, "lr": 5.95901646858737e-06, "grad_norm": 0.5744116902351379, "tokens_per_second": 281603.378389328, "gpu_memory_gib": 27.93043565750122}
{"step": 217390, "tokens_processed": 10792337408, "train_loss": 2.328451156616211, "lr": 5.923448376727546e-06, "grad_norm": 0.550010085105896, "tokens_per_second": 285492.9190912536, "gpu_memory_gib": 27.93043565750122}
{"step": 217400, "tokens_processed": 10793648128, "train_loss": 2.3959531784057617, "lr": 5.888069373562625e-06, "grad_norm": 0.5906704664230347, "tokens_per_second": 273248.71739711653, "gpu_memory_gib": 27.93043565750122}
{"step": 217410, "tokens_processed": 10794958848, "train_loss": 2.351508378982544, "lr": 5.852880091602109e-06, "grad_norm": 0.5718438625335693, "tokens_per_second": 278804.14375449385, "gpu_memory_gib": 27.93043565750122}
{"step": 217420, "tokens_processed": 10796269568, "train_loss": 2.372218132019043, "lr": 5.817881159963671e-06, "grad_norm": 0.5747033953666687, "tokens_per_second": 290513.16418281675, "gpu_memory_gib": 27.93043565750122}
{"step": 217430, "tokens_processed": 10797580288, "train_loss": 2.4326353073120117, "lr": 5.7830732043618605e-06, "grad_norm": 0.5635162591934204, "tokens_per_second": 274757.34846386727, "gpu_memory_gib": 27.93043565750122}
{"step": 217440, "tokens_processed": 10798891008, "train_loss": 2.3387341499328613, "lr": 5.748456847096946e-06, "grad_norm": 0.5672866702079773, "tokens_per_second": 284488.8355025957, "gpu_memory_gib": 27.93043565750122}
{"step": 217450, "tokens_processed": 10800201728, "train_loss": 2.3850526809692383, "lr": 5.71403270704378e-06, "grad_norm": 0.5885354280471802, "tokens_per_second": 284910.76670232875, "gpu_memory_gib": 27.93043565750122}
{"step": 217460, "tokens_processed": 10801512448, "train_loss": 2.358628988265991, "lr": 5.679801399640731e-06, "grad_norm": 0.5735873579978943, "tokens_per_second": 279434.3717784654, "gpu_memory_gib": 27.93043565750122}
{"step": 217470, "tokens_processed": 10802823168, "train_loss": 2.351154327392578, "lr": 5.645763536878693e-06, "grad_norm": 0.5764354467391968, "tokens_per_second": 268774.6409557092, "gpu_memory_gib": 27.93043565750122}
{"step": 217480, "tokens_processed": 10804133888, "train_loss": 2.3352017402648926, "lr": 5.611919727290133e-06, "grad_norm": 0.5479320287704468, "tokens_per_second": 290731.9563971361, "gpu_memory_gib": 27.93043565750122}
{"step": 217490, "tokens_processed": 10805444608, "train_loss": 2.335750102996826, "lr": 5.578270575938212e-06, "grad_norm": 0.5664608478546143, "tokens_per_second": 292751.66145498183, "gpu_memory_gib": 27.93043565750122}
{"step": 217500, "tokens_processed": 10806755328, "train_loss": 2.4006593227386475, "lr": 5.544816684405972e-06, "grad_norm": 0.5740197896957397, "tokens_per_second": 280864.382934752, "gpu_memory_gib": 27.93043565750122}
{"step": 217500, "validation_loss": 2.3084912300109863, "validation_nats_per_byte": 0.5770291191917074}
{"step": 217510, "tokens_processed": 10808066048, "train_loss": 2.2998361587524414, "lr": 5.511558650785586e-06, "grad_norm": 0.6122470498085022, "tokens_per_second": 240004.60992268662, "gpu_memory_gib": 27.93043565750122}
{"step": 217520, "tokens_processed": 10809376768, "train_loss": 2.3169686794281006, "lr": 5.47849706966765e-06, "grad_norm": 0.5511159896850586, "tokens_per_second": 280113.9520933986, "gpu_memory_gib": 27.93043565750122}
{"step": 217530, "tokens_processed": 10810687488, "train_loss": 2.361253023147583, "lr": 5.445632532130565e-06, "grad_norm": 0.5301656126976013, "tokens_per_second": 286581.87057348364, "gpu_memory_gib": 27.93043565750122}
{"step": 217540, "tokens_processed": 10811998208, "train_loss": 2.304786205291748, "lr": 5.412965625729965e-06, "grad_norm": 0.5867870450019836, "tokens_per_second": 281860.5473954888, "gpu_memory_gib": 27.93043565750122}
{"step": 217550, "tokens_processed": 10813308928, "train_loss": 2.4189791679382324, "lr": 5.380496934488226e-06, "grad_norm": 0.5838814973831177, "tokens_per_second": 293326.999253701, "gpu_memory_gib": 27.93043565750122}
{"step": 217560, "tokens_processed": 10814619648, "train_loss": 2.198093891143799, "lr": 5.34822703888399e-06, "grad_norm": 0.5625927448272705, "tokens_per_second": 281400.6474310833, "gpu_memory_gib": 27.93043565750122}
{"step": 217570, "tokens_processed": 10815930368, "train_loss": 2.364223003387451, "lr": 5.316156515841826e-06, "grad_norm": 0.5640630125999451, "tokens_per_second": 278042.59448831005, "gpu_memory_gib": 27.93043565750122}
{"step": 217580, "tokens_processed": 10817241088, "train_loss": 2.3032283782958984, "lr": 5.284285938721893e-06, "grad_norm": 0.584266185760498, "tokens_per_second": 270577.6762862872, "gpu_memory_gib": 27.93043565750122}
{"step": 217590, "tokens_processed": 10818551808, "train_loss": 2.288008213043213, "lr": 5.252615877309703e-06, "grad_norm": 0.5957229137420654, "tokens_per_second": 291086.1125836993, "gpu_memory_gib": 27.93043565750122}
{"step": 217600, "tokens_processed": 10819862528, "train_loss": 2.3390302658081055, "lr": 5.221146897805927e-06, "grad_norm": 0.6324203014373779, "tokens_per_second": 284716.16710739903, "gpu_memory_gib": 27.93043565750122}
{"step": 217610, "tokens_processed": 10821173248, "train_loss": 2.3677659034729004, "lr": 5.189879562816257e-06, "grad_norm": 0.5610668063163757, "tokens_per_second": 278477.44680988614, "gpu_memory_gib": 27.93043565750122}
{"step": 217620, "tokens_processed": 10822483968, "train_loss": 2.33383846282959, "lr": 5.158814431341377e-06, "grad_norm": 0.6118656992912292, "tokens_per_second": 289012.62266967463, "gpu_memory_gib": 27.93043565750122}
{"step": 217630, "tokens_processed": 10823794688, "train_loss": 2.3215982913970947, "lr": 5.127952058766961e-06, "grad_norm": 0.5629317164421082, "tokens_per_second": 289385.9288772134, "gpu_memory_gib": 27.93043565750122}
{"step": 217640, "tokens_processed": 10825105408, "train_loss": 2.3694229125976562, "lr": 5.097292996853721e-06, "grad_norm": 0.583540678024292, "tokens_per_second": 293194.47862363653, "gpu_memory_gib": 27.93043565750122}
{"step": 217650, "tokens_processed": 10826416128, "train_loss": 2.4723434448242188, "lr": 5.066837793727579e-06, "grad_norm": 0.5718766450881958, "tokens_per_second": 287363.7781293532, "gpu_memory_gib": 27.93043565750122}
{"step": 217660, "tokens_processed": 10827726848, "train_loss": 2.356828212738037, "lr": 5.036586993869825e-06, "grad_norm": 0.6189727783203125, "tokens_per_second": 285580.41704453924, "gpu_memory_gib": 27.93043565750122}
{"step": 217670, "tokens_processed": 10829037568, "train_loss": 2.3264565467834473, "lr": 5.0065411381074285e-06, "grad_norm": 0.5484700202941895, "tokens_per_second": 290085.9827792653, "gpu_memory_gib": 27.93043565750122}
{"step": 217680, "tokens_processed": 10830348288, "train_loss": 2.3834357261657715, "lr": 4.976700763603337e-06, "grad_norm": 0.5935856103897095, "tokens_per_second": 289660.28200377757, "gpu_memory_gib": 27.93043565750122}
{"step": 217690, "tokens_processed": 10831659008, "train_loss": 2.3545849323272705, "lr": 4.947066403846883e-06, "grad_norm": 0.5914326906204224, "tokens_per_second": 292080.1552581537, "gpu_memory_gib": 27.93043565750122}
{"step": 217700, "tokens_processed": 10832969728, "train_loss": 2.343626022338867, "lr": 4.917638588644244e-06, "grad_norm": 0.5593879222869873, "tokens_per_second": 290951.0313781407, "gpu_memory_gib": 27.93043565750122}
{"step": 217710, "tokens_processed": 10834280448, "train_loss": 2.3731274604797363, "lr": 4.888417844108977e-06, "grad_norm": 0.5891891121864319, "tokens_per_second": 291375.9007987581, "gpu_memory_gib": 27.93043565750122}
{"step": 217720, "tokens_processed": 10835591168, "train_loss": 2.336918592453003, "lr": 4.859404692652604e-06, "grad_norm": 0.5503755807876587, "tokens_per_second": 290343.77480098576, "gpu_memory_gib": 27.93043565750122}
{"step": 217730, "tokens_processed": 10836901888, "train_loss": 2.343414783477783, "lr": 4.83059965297528e-06, "grad_norm": 0.602030873298645, "tokens_per_second": 292982.973110622, "gpu_memory_gib": 27.93043565750122}
{"step": 217740, "tokens_processed": 10838212608, "train_loss": 2.371628522872925, "lr": 4.802003240056511e-06, "grad_norm": 0.5539734959602356, "tokens_per_second": 290380.6042913527, "gpu_memory_gib": 27.93043565750122}
{"step": 217750, "tokens_processed": 10839523328, "train_loss": 2.2937633991241455, "lr": 4.773615965145956e-06, "grad_norm": 0.5564283132553101, "tokens_per_second": 290005.0937361821, "gpu_memory_gib": 27.93043565750122}
{"step": 217760, "tokens_processed": 10840834048, "train_loss": 2.471787452697754, "lr": 4.745438335754283e-06, "grad_norm": 0.5750718712806702, "tokens_per_second": 273573.9799394662, "gpu_memory_gib": 27.93043565750122}
{"step": 217770, "tokens_processed": 10842144768, "train_loss": 2.457315444946289, "lr": 4.717470855644092e-06, "grad_norm": 0.5646272301673889, "tokens_per_second": 290482.9369414554, "gpu_memory_gib": 27.93043565750122}
{"step": 217780, "tokens_processed": 10843455488, "train_loss": 2.297377347946167, "lr": 4.689714024820916e-06, "grad_norm": 0.6184283494949341, "tokens_per_second": 292553.8031725829, "gpu_memory_gib": 27.93043565750122}
{"step": 217790, "tokens_processed": 10844766208, "train_loss": 2.436457872390747, "lr": 4.6621683395242715e-06, "grad_norm": 0.5670256018638611, "tokens_per_second": 291165.1952607844, "gpu_memory_gib": 27.93043565750122}
{"step": 217800, "tokens_processed": 10846076928, "train_loss": 2.3557591438293457, "lr": 4.634834292218807e-06, "grad_norm": 0.555505096912384, "tokens_per_second": 291476.6722655763, "gpu_memory_gib": 27.93043565750122}
{"step": 217810, "tokens_processed": 10847387648, "train_loss": 2.2777507305145264, "lr": 4.60771237158547e-06, "grad_norm": 0.5463283061981201, "tokens_per_second": 281159.2064684802, "gpu_memory_gib": 27.93043565750122}
{"step": 217820, "tokens_processed": 10848698368, "train_loss": 2.3528623580932617, "lr": 4.580803062512791e-06, "grad_norm": 0.592905580997467, "tokens_per_second": 293981.2518424952, "gpu_memory_gib": 27.93043565750122}
{"step": 217830, "tokens_processed": 10850009088, "train_loss": 2.3598270416259766, "lr": 4.554106846088207e-06, "grad_norm": 0.5818805694580078, "tokens_per_second": 292369.9778698277, "gpu_memory_gib": 27.93043565750122}
{"step": 217840, "tokens_processed": 10851319808, "train_loss": 2.2957048416137695, "lr": 4.527624199589472e-06, "grad_norm": 0.5451520085334778, "tokens_per_second": 293123.2636118996, "gpu_memory_gib": 27.93043565750122}
{"step": 217850, "tokens_processed": 10852630528, "train_loss": 2.4064149856567383, "lr": 4.501355596476102e-06, "grad_norm": 0.5675804615020752, "tokens_per_second": 294097.09230236965, "gpu_memory_gib": 27.93043565750122}
{"step": 217860, "tokens_processed": 10853941248, "train_loss": 2.3895256519317627, "lr": 4.475301506380926e-06, "grad_norm": 0.5970928072929382, "tokens_per_second": 289217.6368753901, "gpu_memory_gib": 27.93043565750122}
{"step": 217870, "tokens_processed": 10855251968, "train_loss": 2.382812023162842, "lr": 4.449462395101689e-06, "grad_norm": 0.5578884482383728, "tokens_per_second": 290834.32532428135, "gpu_memory_gib": 27.93043565750122}
{"step": 217880, "tokens_processed": 10856562688, "train_loss": 2.3019297122955322, "lr": 4.423838724592725e-06, "grad_norm": 0.5394247770309448, "tokens_per_second": 286882.57333406026, "gpu_memory_gib": 27.93043565750122}
{"step": 217890, "tokens_processed": 10857873408, "train_loss": 2.4084243774414062, "lr": 4.3984309529566955e-06, "grad_norm": 0.6219190955162048, "tokens_per_second": 291674.11646201555, "gpu_memory_gib": 27.93043565750122}
{"step": 217900, "tokens_processed": 10859184128, "train_loss": 2.2262115478515625, "lr": 4.3732395344363875e-06, "grad_norm": 0.5353873372077942, "tokens_per_second": 281674.96311772, "gpu_memory_gib": 27.93043565750122}
{"step": 217910, "tokens_processed": 10860494848, "train_loss": 2.3750901222229004, "lr": 4.348264919406616e-06, "grad_norm": 0.564845621585846, "tokens_per_second": 264623.81624269474, "gpu_memory_gib": 27.93043565750122}
{"step": 217920, "tokens_processed": 10861805568, "train_loss": 2.4280624389648438, "lr": 4.323507554366162e-06, "grad_norm": 0.5738902688026428, "tokens_per_second": 276467.9440713024, "gpu_memory_gib": 27.93043565750122}
{"step": 217930, "tokens_processed": 10863116288, "train_loss": 2.350837469100952, "lr": 4.298967881929779e-06, "grad_norm": 0.6112866401672363, "tokens_per_second": 283587.395511918, "gpu_memory_gib": 27.93043565750122}
{"step": 217940, "tokens_processed": 10864427008, "train_loss": 2.3624510765075684, "lr": 4.274646340820303e-06, "grad_norm": 0.5967822074890137, "tokens_per_second": 291086.4756208165, "gpu_memory_gib": 27.93043565750122}
{"step": 217950, "tokens_processed": 10865737728, "train_loss": 2.3751397132873535, "lr": 4.250543365860774e-06, "grad_norm": 0.5594111680984497, "tokens_per_second": 290829.04831389163, "gpu_memory_gib": 27.93043565750122}
{"step": 217960, "tokens_processed": 10867048448, "train_loss": 2.4026808738708496, "lr": 4.226659387966706e-06, "grad_norm": 0.556584358215332, "tokens_per_second": 293042.74933514534, "gpu_memory_gib": 27.93043565750122}
{"step": 217970, "tokens_processed": 10868359168, "train_loss": 2.3395087718963623, "lr": 4.202994834138348e-06, "grad_norm": 0.5945233702659607, "tokens_per_second": 290936.2942422521, "gpu_memory_gib": 27.93043565750122}
{"step": 217980, "tokens_processed": 10869669888, "train_loss": 2.318446397781372, "lr": 4.179550127453066e-06, "grad_norm": 0.5773835778236389, "tokens_per_second": 292384.71324769314, "gpu_memory_gib": 27.93043565750122}
{"step": 217990, "tokens_processed": 10870980608, "train_loss": 2.23689866065979, "lr": 4.156325687057776e-06, "grad_norm": 0.5545593500137329, "tokens_per_second": 287303.35272813507, "gpu_memory_gib": 27.93043565750122}
{"step": 218000, "tokens_processed": 10872291328, "train_loss": 2.378690242767334, "lr": 4.13332192816145e-06, "grad_norm": 0.5752824544906616, "tokens_per_second": 286526.49637629045, "gpu_memory_gib": 27.93043565750122}
{"step": 218000, "validation_loss": 2.3071837425231934, "validation_nats_per_byte": 0.5767023003831162}
{"step": 218010, "tokens_processed": 10873602048, "train_loss": 2.296811819076538, "lr": 4.110539262027691e-06, "grad_norm": 0.5494630932807922, "tokens_per_second": 235200.13905882006, "gpu_memory_gib": 27.93043565750122}
{"step": 218020, "tokens_processed": 10874912768, "train_loss": 2.382578134536743, "lr": 4.0879780959673865e-06, "grad_norm": 0.5787600874900818, "tokens_per_second": 275503.5598160298, "gpu_memory_gib": 27.93043565750122}
{"step": 218030, "tokens_processed": 10876223488, "train_loss": 2.306363344192505, "lr": 4.065638833331419e-06, "grad_norm": 0.5672202706336975, "tokens_per_second": 266036.75707033236, "gpu_memory_gib": 27.93043565750122}
{"step": 218040, "tokens_processed": 10877534208, "train_loss": 2.392831563949585, "lr": 4.043521873503461e-06, "grad_norm": 0.626139760017395, "tokens_per_second": 261410.06353412126, "gpu_memory_gib": 27.93043565750122}
{"step": 218050, "tokens_processed": 10878844928, "train_loss": 2.304327964782715, "lr": 4.0216276118928295e-06, "grad_norm": 0.5713109970092773, "tokens_per_second": 252780.0434107774, "gpu_memory_gib": 27.93043565750122}
{"step": 218060, "tokens_processed": 10880155648, "train_loss": 2.32991886138916, "lr": 3.999956439927421e-06, "grad_norm": 0.5810330510139465, "tokens_per_second": 275917.4705274604, "gpu_memory_gib": 27.93043565750122}
{"step": 218070, "tokens_processed": 10881466368, "train_loss": 2.4547011852264404, "lr": 3.978508745046713e-06, "grad_norm": 0.6074842810630798, "tokens_per_second": 274150.6972675009, "gpu_memory_gib": 27.93043565750122}
{"step": 218080, "tokens_processed": 10882777088, "train_loss": 2.328442096710205, "lr": 3.957284910694833e-06, "grad_norm": 0.5562527179718018, "tokens_per_second": 273546.5074735089, "gpu_memory_gib": 27.93043565750122}
{"step": 218090, "tokens_processed": 10884087808, "train_loss": 2.4120898246765137, "lr": 3.936285316313715e-06, "grad_norm": 0.6153178811073303, "tokens_per_second": 256295.12918776338, "gpu_memory_gib": 27.93043565750122}
{"step": 218100, "tokens_processed": 10885398528, "train_loss": 2.3726820945739746, "lr": 3.9155103373362955e-06, "grad_norm": 0.5929276347160339, "tokens_per_second": 269253.38938256603, "gpu_memory_gib": 27.93043565750122}
{"step": 218110, "tokens_processed": 10886709248, "train_loss": 2.361759901046753, "lr": 3.89496034517982e-06, "grad_norm": 0.5538023114204407, "tokens_per_second": 265122.84843963245, "gpu_memory_gib": 27.93043565750122}
{"step": 218120, "tokens_processed": 10888019968, "train_loss": 2.4140501022338867, "lr": 3.874635707239194e-06, "grad_norm": 0.5667064785957336, "tokens_per_second": 232130.62958953303, "gpu_memory_gib": 27.93043565750122}
{"step": 218130, "tokens_processed": 10889330688, "train_loss": 2.3427600860595703, "lr": 3.854536786880422e-06, "grad_norm": 0.55637127161026, "tokens_per_second": 276534.77802912926, "gpu_memory_gib": 27.93043565750122}
{"step": 218140, "tokens_processed": 10890641408, "train_loss": 2.362406015396118, "lr": 3.834663943434101e-06, "grad_norm": 0.5670729875564575, "tokens_per_second": 257697.9067404954, "gpu_memory_gib": 27.93043565750122}
{"step": 218150, "tokens_processed": 10891952128, "train_loss": 2.3394112586975098, "lr": 3.815017532189e-06, "grad_norm": 0.533578097820282, "tokens_per_second": 261768.49091700453, "gpu_memory_gib": 27.93043565750122}
{"step": 218160, "tokens_processed": 10893262848, "train_loss": 2.283940553665161, "lr": 3.79559790438571e-06, "grad_norm": 0.5769031047821045, "tokens_per_second": 264860.8071741579, "gpu_memory_gib": 27.93043565750122}
{"step": 218170, "tokens_processed": 10894573568, "train_loss": 2.33284854888916, "lr": 3.776405407210372e-06, "grad_norm": 0.5801848769187927, "tokens_per_second": 260177.62815468467, "gpu_memory_gib": 27.93043565750122}
{"step": 218180, "tokens_processed": 10895884288, "train_loss": 2.3274800777435303, "lr": 3.757440383788452e-06, "grad_norm": 0.565676748752594, "tokens_per_second": 269899.3288476681, "gpu_memory_gib": 27.93043565750122}
{"step": 218190, "tokens_processed": 10897195008, "train_loss": 2.4327335357666016, "lr": 3.738703173178623e-06, "grad_norm": 0.6406840682029724, "tokens_per_second": 270749.68850807846, "gpu_memory_gib": 27.93043565750122}
{"step": 218200, "tokens_processed": 10898505728, "train_loss": 2.419398307800293, "lr": 3.720194110366686e-06, "grad_norm": 0.5868749022483826, "tokens_per_second": 270871.8265854255, "gpu_memory_gib": 27.93043565750122}
{"step": 218210, "tokens_processed": 10899816448, "train_loss": 2.3383281230926514, "lr": 3.7019135262596086e-06, "grad_norm": 0.5796748399734497, "tokens_per_second": 286137.5189082616, "gpu_memory_gib": 27.93043565750122}
{"step": 218220, "tokens_processed": 10901127168, "train_loss": 2.3441002368927, "lr": 3.6838617476795786e-06, "grad_norm": 0.5913379192352295, "tokens_per_second": 266886.395717617, "gpu_memory_gib": 27.93043565750122}
{"step": 218230, "tokens_processed": 10902437888, "train_loss": 2.361116886138916, "lr": 3.6660390973581797e-06, "grad_norm": 0.5998653173446655, "tokens_per_second": 266237.12801872334, "gpu_memory_gib": 27.93043565750122}
{"step": 218240, "tokens_processed": 10903748608, "train_loss": 2.3680248260498047, "lr": 3.648445893930619e-06, "grad_norm": 0.5595675706863403, "tokens_per_second": 273312.07675355923, "gpu_memory_gib": 27.93043565750122}
{"step": 218250, "tokens_processed": 10905059328, "train_loss": 2.373528003692627, "lr": 3.6310824519300225e-06, "grad_norm": 0.6071822643280029, "tokens_per_second": 269579.95197662927, "gpu_memory_gib": 27.93043565750122}
{"step": 218260, "tokens_processed": 10906370048, "train_loss": 2.246375560760498, "lr": 3.613949081781821e-06, "grad_norm": 0.5308229327201843, "tokens_per_second": 273411.4947236375, "gpu_memory_gib": 27.93043565750122}
{"step": 218270, "tokens_processed": 10907680768, "train_loss": 2.374002456665039, "lr": 3.597046089798197e-06, "grad_norm": 0.5786511898040771, "tokens_per_second": 276760.97042432847, "gpu_memory_gib": 27.93043565750122}
{"step": 218280, "tokens_processed": 10908991488, "train_loss": 2.2727184295654297, "lr": 3.580373778172606e-06, "grad_norm": 0.5634945631027222, "tokens_per_second": 269510.3194197179, "gpu_memory_gib": 27.93043565750122}
{"step": 218290, "tokens_processed": 10910302208, "train_loss": 2.3850605487823486, "lr": 3.563932444974378e-06, "grad_norm": 0.5713304877281189, "tokens_per_second": 264392.63021176413, "gpu_memory_gib": 27.93043565750122}
{"step": 218300, "tokens_processed": 10911612928, "train_loss": 2.450852155685425, "lr": 3.5477223841433843e-06, "grad_norm": 0.5989429950714111, "tokens_per_second": 269204.00568854396, "gpu_memory_gib": 27.93043565750122}
{"step": 218310, "tokens_processed": 10912923648, "train_loss": 2.3061208724975586, "lr": 3.531743885484787e-06, "grad_norm": 0.5675497651100159, "tokens_per_second": 263376.1636030572, "gpu_memory_gib": 27.93043565750122}
{"step": 218320, "tokens_processed": 10914234368, "train_loss": 2.3552114963531494, "lr": 3.515997234663855e-06, "grad_norm": 0.5932074189186096, "tokens_per_second": 252727.2234974622, "gpu_memory_gib": 27.93043565750122}
{"step": 218330, "tokens_processed": 10915545088, "train_loss": 2.275982618331909, "lr": 3.5004827132008536e-06, "grad_norm": 0.5398551225662231, "tokens_per_second": 270365.8708342848, "gpu_memory_gib": 27.93043565750122}
{"step": 218340, "tokens_processed": 10916855808, "train_loss": 2.415710926055908, "lr": 3.485200598466025e-06, "grad_norm": 0.5933946371078491, "tokens_per_second": 232700.37134302786, "gpu_memory_gib": 27.93043565750122}
{"step": 218350, "tokens_processed": 10918166528, "train_loss": 2.3339684009552, "lr": 3.4701511636746078e-06, "grad_norm": 0.5494723916053772, "tokens_per_second": 266603.1216402603, "gpu_memory_gib": 27.93043565750122}
{"step": 218360, "tokens_processed": 10919477248, "train_loss": 2.3601670265197754, "lr": 3.455334677881969e-06, "grad_norm": 0.5669973492622375, "tokens_per_second": 273578.7453884354, "gpu_memory_gib": 27.93043565750122}
{"step": 218370, "tokens_processed": 10920787968, "train_loss": 2.3741507530212402, "lr": 3.440751405978791e-06, "grad_norm": 0.6285846829414368, "tokens_per_second": 238460.19078450205, "gpu_memory_gib": 27.93043565750122}
{"step": 218380, "tokens_processed": 10922098688, "train_loss": 2.2696473598480225, "lr": 3.4264016086863333e-06, "grad_norm": 0.5919551253318787, "tokens_per_second": 246006.54671728535, "gpu_memory_gib": 27.93043565750122}
{"step": 218390, "tokens_processed": 10923409408, "train_loss": 2.412360429763794, "lr": 3.412285542551772e-06, "grad_norm": 0.563621461391449, "tokens_per_second": 272804.8046232606, "gpu_memory_gib": 27.93043565750122}
{"step": 218400, "tokens_processed": 10924720128, "train_loss": 2.328030824661255, "lr": 3.3984034599436086e-06, "grad_norm": 0.583977460861206, "tokens_per_second": 274799.00903554837, "gpu_memory_gib": 27.93043565750122}
{"step": 218410, "tokens_processed": 10926030848, "train_loss": 2.3425090312957764, "lr": 3.384755609047168e-06, "grad_norm": 0.5797199606895447, "tokens_per_second": 285518.66089914955, "gpu_memory_gib": 27.93043565750122}
{"step": 218420, "tokens_processed": 10927341568, "train_loss": 2.3652262687683105, "lr": 3.3713422338601556e-06, "grad_norm": 0.5804831981658936, "tokens_per_second": 281348.8690575529, "gpu_memory_gib": 27.93043565750122}
{"step": 218430, "tokens_processed": 10928652288, "train_loss": 2.3594319820404053, "lr": 3.3581635741882942e-06, "grad_norm": 0.5768541097640991, "tokens_per_second": 273761.8632393907, "gpu_memory_gib": 27.93043565750122}
{"step": 218440, "tokens_processed": 10929963008, "train_loss": 2.3424623012542725, "lr": 3.345219865641035e-06, "grad_norm": 0.5742430686950684, "tokens_per_second": 278031.3622218221, "gpu_memory_gib": 27.93043565750122}
{"step": 218450, "tokens_processed": 10931273728, "train_loss": 2.3368520736694336, "lr": 3.3325113396273554e-06, "grad_norm": 0.5604740381240845, "tokens_per_second": 279036.5350287124, "gpu_memory_gib": 27.93043565750122}
{"step": 218460, "tokens_processed": 10932584448, "train_loss": 2.368521213531494, "lr": 3.3200382233516096e-06, "grad_norm": 0.6016331315040588, "tokens_per_second": 276088.79725055816, "gpu_memory_gib": 27.93043565750122}
{"step": 218470, "tokens_processed": 10933895168, "train_loss": 2.352221965789795, "lr": 3.3078007398094744e-06, "grad_norm": 0.5659447908401489, "tokens_per_second": 278035.37033788697, "gpu_memory_gib": 27.93043565750122}
{"step": 218480, "tokens_processed": 10935205888, "train_loss": 2.3696675300598145, "lr": 3.2957991077839596e-06, "grad_norm": 0.576875627040863, "tokens_per_second": 283995.8954715876, "gpu_memory_gib": 27.93043565750122}
{"step": 218490, "tokens_processed": 10936516608, "train_loss": 2.385805606842041, "lr": 3.2840335418414915e-06, "grad_norm": 0.6058654189109802, "tokens_per_second": 274458.1619953276, "gpu_memory_gib": 27.93043565750122}
{"step": 218500, "tokens_processed": 10937827328, "train_loss": 2.335423469543457, "lr": 3.2725042523280937e-06, "grad_norm": 0.5572286248207092, "tokens_per_second": 283446.298665791, "gpu_memory_gib": 27.93043565750122}
{"step": 218500, "validation_loss": 2.3061625957489014, "validation_nats_per_byte": 0.5764470551319864}
{"step": 218510, "tokens_processed": 10939138048, "train_loss": 2.36970591545105, "lr": 3.2612114453656062e-06, "grad_norm": 0.5809917449951172, "tokens_per_second": 237631.94301296148, "gpu_memory_gib": 27.93043565750122}
{"step": 218520, "tokens_processed": 10940448768, "train_loss": 2.3311307430267334, "lr": 3.25015532284801e-06, "grad_norm": 0.5869437456130981, "tokens_per_second": 280232.3900869855, "gpu_memory_gib": 27.93043565750122}
{"step": 218530, "tokens_processed": 10941759488, "train_loss": 2.43388295173645, "lr": 3.2393360824378223e-06, "grad_norm": 0.5796511173248291, "tokens_per_second": 288492.72554645623, "gpu_memory_gib": 27.93043565750122}
{"step": 218540, "tokens_processed": 10943070208, "train_loss": 2.286658525466919, "lr": 3.2287539175625497e-06, "grad_norm": 0.5492633581161499, "tokens_per_second": 287281.08615593956, "gpu_memory_gib": 27.93043565750122}
{"step": 218550, "tokens_processed": 10944380928, "train_loss": 2.4415714740753174, "lr": 3.218409017411242e-06, "grad_norm": 0.5686886310577393, "tokens_per_second": 270932.0534697619, "gpu_memory_gib": 27.93043565750122}
{"step": 218560, "tokens_processed": 10945691648, "train_loss": 2.33245849609375, "lr": 3.2083015669311063e-06, "grad_norm": 0.5902326107025146, "tokens_per_second": 286157.0382225305, "gpu_memory_gib": 27.93043565750122}
{"step": 218570, "tokens_processed": 10947002368, "train_loss": 2.3508238792419434, "lr": 3.198431746824198e-06, "grad_norm": 0.5870357751846313, "tokens_per_second": 281805.5074047909, "gpu_memory_gib": 27.93043565750122}
{"step": 218580, "tokens_processed": 10948313088, "train_loss": 2.387082815170288, "lr": 3.1887997335441933e-06, "grad_norm": 0.5716294646263123, "tokens_per_second": 284636.02105618163, "gpu_memory_gib": 27.93043565750122}
{"step": 218590, "tokens_processed": 10949623808, "train_loss": 2.3343260288238525, "lr": 3.1794056992932284e-06, "grad_norm": 0.6040117740631104, "tokens_per_second": 288718.83077679237, "gpu_memory_gib": 27.93043565750122}
{"step": 218600, "tokens_processed": 10950934528, "train_loss": 2.3444807529449463, "lr": 3.1702498120188325e-06, "grad_norm": 0.5611602067947388, "tokens_per_second": 277274.84650511044, "gpu_memory_gib": 27.93043565750122}
{"step": 218610, "tokens_processed": 10952245248, "train_loss": 2.310079574584961, "lr": 3.1613322354109125e-06, "grad_norm": 0.5943446159362793, "tokens_per_second": 288084.9415365064, "gpu_memory_gib": 27.93043565750122}
{"step": 218620, "tokens_processed": 10953555968, "train_loss": 2.342298984527588, "lr": 3.1526531288988342e-06, "grad_norm": 0.5865358710289001, "tokens_per_second": 289542.95280484884, "gpu_memory_gib": 27.93043565750122}
{"step": 218630, "tokens_processed": 10954866688, "train_loss": 2.336698293685913, "lr": 3.144212647648574e-06, "grad_norm": 0.5834118127822876, "tokens_per_second": 285450.1875359828, "gpu_memory_gib": 27.93043565750122}
{"step": 218640, "tokens_processed": 10956177408, "train_loss": 2.420605421066284, "lr": 3.136010942559935e-06, "grad_norm": 0.5644864439964294, "tokens_per_second": 287695.6330728993, "gpu_memory_gib": 27.93043565750122}
{"step": 218650, "tokens_processed": 10957488128, "train_loss": 2.408939838409424, "lr": 3.1280481602638585e-06, "grad_norm": 0.5367127060890198, "tokens_per_second": 291333.65214587864, "gpu_memory_gib": 27.93043565750122}
{"step": 218660, "tokens_processed": 10958798848, "train_loss": 2.2854857444763184, "lr": 3.120324443119797e-06, "grad_norm": 0.5932038426399231, "tokens_per_second": 286413.51373390696, "gpu_memory_gib": 27.93043565750122}
{"step": 218670, "tokens_processed": 10960109568, "train_loss": 2.418125629425049, "lr": 3.1128399292131736e-06, "grad_norm": 0.572348415851593, "tokens_per_second": 293435.6449432034, "gpu_memory_gib": 27.93043565750122}
{"step": 218680, "tokens_processed": 10961420288, "train_loss": 2.321230411529541, "lr": 3.1055947523529108e-06, "grad_norm": 0.5792357921600342, "tokens_per_second": 293530.992470716, "gpu_memory_gib": 27.93043565750122}
{"step": 218690, "tokens_processed": 10962731008, "train_loss": 2.331648826599121, "lr": 3.098589042069035e-06, "grad_norm": 0.5553183555603027, "tokens_per_second": 285681.40340245765, "gpu_memory_gib": 27.93043565750122}
{"step": 218700, "tokens_processed": 10964041728, "train_loss": 2.3822484016418457, "lr": 3.0918229236103686e-06, "grad_norm": 0.6068719625473022, "tokens_per_second": 287273.3267019516, "gpu_memory_gib": 27.93043565750122}
{"step": 218710, "tokens_processed": 10965352448, "train_loss": 2.3721766471862793, "lr": 3.085296517942284e-06, "grad_norm": 0.5550903081893921, "tokens_per_second": 285421.17806558736, "gpu_memory_gib": 27.93043565750122}
{"step": 218720, "tokens_processed": 10966663168, "train_loss": 2.3334755897521973, "lr": 3.0790099417445416e-06, "grad_norm": 0.5707303881645203, "tokens_per_second": 287535.32094559213, "gpu_memory_gib": 27.93043565750122}
{"step": 218730, "tokens_processed": 10967973888, "train_loss": 2.3095312118530273, "lr": 3.072963307409211e-06, "grad_norm": 0.5387457609176636, "tokens_per_second": 290000.43800723564, "gpu_memory_gib": 27.93043565750122}
{"step": 218740, "tokens_processed": 10969284608, "train_loss": 2.3951244354248047, "lr": 3.067156723038649e-06, "grad_norm": 0.5743036270141602, "tokens_per_second": 292465.0051008478, "gpu_memory_gib": 27.93043565750122}
{"step": 218750, "tokens_processed": 10970595328, "train_loss": 2.2858545780181885, "lr": 3.06159029244358e-06, "grad_norm": 0.6033388376235962, "tokens_per_second": 289979.9237454739, "gpu_memory_gib": 27.93043565750122}
{"step": 218760, "tokens_processed": 10971906048, "train_loss": 2.3243417739868164, "lr": 3.0562641151412307e-06, "grad_norm": 0.5505535006523132, "tokens_per_second": 290921.40909861366, "gpu_memory_gib": 27.93043565750122}
{"step": 218770, "tokens_processed": 10973216768, "train_loss": 2.356215715408325, "lr": 3.051178286353557e-06, "grad_norm": 0.5584127902984619, "tokens_per_second": 291853.86264377425, "gpu_memory_gib": 27.93043565750122}
{"step": 218780, "tokens_processed": 10974527488, "train_loss": 2.3477206230163574, "lr": 3.0463328970055343e-06, "grad_norm": 0.5293262600898743, "tokens_per_second": 287379.3299996325, "gpu_memory_gib": 27.93043565750122}
{"step": 218790, "tokens_processed": 10975838208, "train_loss": 2.419179677963257, "lr": 3.0417280337235414e-06, "grad_norm": 0.5668136477470398, "tokens_per_second": 292073.95257540856, "gpu_memory_gib": 27.93043565750122}
{"step": 218800, "tokens_processed": 10977148928, "train_loss": 2.27477765083313, "lr": 3.0373637788338057e-06, "grad_norm": 0.5664442181587219, "tokens_per_second": 288219.75393396337, "gpu_memory_gib": 27.93043565750122}
{"step": 218810, "tokens_processed": 10978459648, "train_loss": 2.2297794818878174, "lr": 3.033240210360931e-06, "grad_norm": 0.5687246322631836, "tokens_per_second": 292476.8896413247, "gpu_memory_gib": 27.93043565750122}
{"step": 218820, "tokens_processed": 10979770368, "train_loss": 2.290865898132324, "lr": 3.029357402026505e-06, "grad_norm": 0.604948878288269, "tokens_per_second": 276759.3443182828, "gpu_memory_gib": 27.93043565750122}
{"step": 218830, "tokens_processed": 10981081088, "train_loss": 2.466313123703003, "lr": 3.025715423247782e-06, "grad_norm": 0.5568214654922485, "tokens_per_second": 290175.4270198288, "gpu_memory_gib": 27.93043565750122}
{"step": 218840, "tokens_processed": 10982391808, "train_loss": 2.3509535789489746, "lr": 3.0223143391364374e-06, "grad_norm": 0.5774894952774048, "tokens_per_second": 286732.95325144986, "gpu_memory_gib": 27.93043565750122}
{"step": 218850, "tokens_processed": 10983702528, "train_loss": 2.296079635620117, "lr": 3.019154210497409e-06, "grad_norm": 0.5559777021408081, "tokens_per_second": 288845.8376896417, "gpu_memory_gib": 27.93043565750122}
{"step": 218860, "tokens_processed": 10985013248, "train_loss": 2.292832851409912, "lr": 3.0162350938278093e-06, "grad_norm": 0.5441175103187561, "tokens_per_second": 291093.07570919895, "gpu_memory_gib": 27.93043565750122}
{"step": 218870, "tokens_processed": 10986323968, "train_loss": 2.2944281101226807, "lr": 3.013557041315907e-06, "grad_norm": 0.5607317090034485, "tokens_per_second": 290762.55182383984, "gpu_memory_gib": 27.93043565750122}
{"step": 218880, "tokens_processed": 10987634688, "train_loss": 2.354311466217041, "lr": 3.0111201008402075e-06, "grad_norm": 0.5543574690818787, "tokens_per_second": 288818.0003865198, "gpu_memory_gib": 27.93043565750122}
{"step": 218890, "tokens_processed": 10988945408, "train_loss": 2.308607578277588, "lr": 3.0089243159685855e-06, "grad_norm": 0.53254234790802, "tokens_per_second": 291780.66985315725, "gpu_memory_gib": 27.93043565750122}
{"step": 218900, "tokens_processed": 10990256128, "train_loss": 2.4125678539276123, "lr": 3.0069697259575127e-06, "grad_norm": 0.5751451253890991, "tokens_per_second": 291221.1868234151, "gpu_memory_gib": 27.93043565750122}
{"step": 218910, "tokens_processed": 10991566848, "train_loss": 2.3328359127044678, "lr": 3.0052563657513558e-06, "grad_norm": 0.5487005114555359, "tokens_per_second": 288752.5740401721, "gpu_memory_gib": 27.93043565750122}
{"step": 218920, "tokens_processed": 10992877568, "train_loss": 2.3226819038391113, "lr": 3.0037842659817437e-06, "grad_norm": 0.6204832196235657, "tokens_per_second": 285443.5311211049, "gpu_memory_gib": 27.93043565750122}
{"step": 218930, "tokens_processed": 10994188288, "train_loss": 2.193596363067627, "lr": 3.0025534529670338e-06, "grad_norm": 0.5709546208381653, "tokens_per_second": 290193.0607633797, "gpu_memory_gib": 27.93043565750122}
{"step": 218940, "tokens_processed": 10995499008, "train_loss": 2.3709590435028076, "lr": 3.0015639487118256e-06, "grad_norm": 0.5787725448608398, "tokens_per_second": 288103.5863527328, "gpu_memory_gib": 27.93043565750122}
{"step": 218950, "tokens_processed": 10996809728, "train_loss": 2.2493844032287598, "lr": 3.000815770906583e-06, "grad_norm": 0.5679429769515991, "tokens_per_second": 290042.50454694254, "gpu_memory_gib": 27.93043565750122}
{"step": 218960, "tokens_processed": 10998120448, "train_loss": 2.4108948707580566, "lr": 3.000308932927306e-06, "grad_norm": 0.5688953399658203, "tokens_per_second": 293147.2412891497, "gpu_memory_gib": 27.93043565750122}
{"step": 218970, "tokens_processed": 10999431168, "train_loss": 2.3130383491516113, "lr": 3.0000434438352963e-06, "grad_norm": 0.5883596539497375, "tokens_per_second": 289980.6474195451, "gpu_memory_gib": 27.93043565750122}
{"step": 218975, "validation_loss": 2.3054614067077637, "validation_nats_per_byte": 0.5762717863289107}
{"output": "/public/home/u43077/lzh/outputs/minillm-general/new-model-v1/benchmarks/long-context-trajectory/step-00218975.json.attempt-49637-1.tmp", "long_loss": 2.3559931004014496, "cache_parity": true}
{"task": "ceval", "examples": 1346, "subjects": 52, "random_accuracy": 0.25, "candidate_sequences": 10768, "scored_tokens": 53820, "elapsed_seconds": 14.71738831140101, "metrics": {"label": {"examples": 1346, "correct": 344, "correct_normalized": 344, "accuracy": 0.2555720653789004, "accuracy_normalized": 0.2555720653789004, "standard_error": 0.011889004521480579, "standard_error_normalized": 0.011889004521480579}, "content": {"examples": 1346, "correct": 356, "correct_normalized": 437, "accuracy": 0.26448736998514116, "accuracy_normalized": 0.324665676077266, "standard_error": 0.012021952465688922, "standard_error_normalized": 0.012763067622523817}}, "available_examples": 1346}
{"task": "cmmlu", "examples": 2000, "subjects": 67, "random_accuracy": 0.25, "candidate_sequences": 16000, "scored_tokens": 65866, "elapsed_seconds": 17.189970748499036, "metrics": {"label": {"examples": 2000, "correct": 510, "correct_normalized": 510, "accuracy": 0.255, "accuracy_normalized": 0.255, "standard_error": 0.009746153087244218, "standard_error_normalized": 0.009746153087244218}, "content": {"examples": 2000, "correct": 520, "correct_normalized": 558, "accuracy": 0.26, "accuracy_normalized": 0.279, "standard_error": 0.009808159868191384, "standard_error_normalized": 0.010028933143659899}}, "available_examples": 11582}
{"task": "arc_easy", "examples": 570, "subjects": 1, "random_accuracy": 0.24997076023391815, "candidate_sequences": 4562, "scored_tokens": 15607, "elapsed_seconds": 4.729755688458681, "metrics": {"label": {"examples": 570, "correct": 150, "correct_normalized": 150, "accuracy": 0.2631578947368421, "accuracy_normalized": 0.2631578947368421, "standard_error": 0.018444122211854274, "standard_error_normalized": 0.018444122211854274}, "content": {"examples": 570, "correct": 190, "correct_normalized": 153, "accuracy": 0.3333333333333333, "accuracy_normalized": 0.26842105263157895, "standard_error": 0.019744962591969745, "standard_error_normalized": 0.018561003788632735}}, "available_examples": 570}
{"task": "arc_challenge", "examples": 299, "subjects": 1, "random_accuracy": 0.2506688963210703, "candidate_sequences": 2388, "scored_tokens": 9938, "elapsed_seconds": 2.5318720303475857, "metrics": {"label": {"examples": 299, "correct": 71, "correct_normalized": 71, "accuracy": 0.23745819397993312, "accuracy_normalized": 0.23745819397993312, "standard_error": 0.024608764793353343, "standard_error_normalized": 0.024608764793353343}, "content": {"examples": 299, "correct": 60, "correct_normalized": 70, "accuracy": 0.20066889632107024, "accuracy_normalized": 0.23411371237458195, "standard_error": 0.02316155925937626, "standard_error_normalized": 0.024488375650143068}}, "available_examples": 299}
{"task": "hellaswag", "examples": 2000, "subjects": 168, "random_accuracy": 0.25, "candidate_sequences": 8000, "scored_tokens": 300070, "elapsed_seconds": 8.698656089603901, "metrics": {"ending": {"examples": 2000, "correct": 533, "correct_normalized": 582, "accuracy": 0.2665, "accuracy_normalized": 0.291, "standard_error": 0.00988629733520088, "standard_error_normalized": 0.010156746526324263}}, "available_examples": 10042}
{"output": "/public/home/u43077/lzh/outputs/minillm-general/new-model-v1/benchmarks/long-context-capability/step-00218975.json.attempt-49637-1.tmp"}
/public/home/u43077/lzh/ai/projects/minillm-general/scripts/train_long_context_with_benchmarks.sh: error reading input file: No such file or directory
