workload_id,runtime,phase,stage,category,backend,input_shapes,input_dtypes,input_strides,input_pointer_alignment_bytes,input_all_row_starts_alignment_bytes,output_shapes,gpu_median_ms,gpu_p90_ms,wall_median_ms,calls_per_pass,primary_ops_per_pass,calls_for_generation,profiler_clone_count,profiler_contiguous_count,profiler_copy_count,profiler_bmm_count,implicit_materialization,estimated_gpu_ms_per_model_pass,estimated_flops_per_stage_call,throughput_tokens_per_second,notes
b1_t20_float32,minillm,prefill,embedding,lookup,PyTorch eager CUDA,"input_ids=[1, 20]; weight=[512, 128]",input_ids=int64; weight=float32,"input_ids=[20, 1]; weight=[128, 1]",input_ids=256; weight=256,input_ids=256; weight=256,"output=[1, 20, 128]",0.0052384373266249895,0.005276000127196312,0.0052511005859375,1,1,1,,,,,,0.0052384373266249895,,,
b1_t20_float32,minillm,prefill,attention_norm,normalization,PyTorch eager CUDA,"hidden_states=[1, 20, 128]",hidden_states=float32,"hidden_states=[2560, 128, 1]",hidden_states=256,hidden_states=256,"output=[1, 20, 128]",0.005051624961197376,0.0050633749924600124,0.005064504882812499,2,2,2,,,,,,0.010103249922394753,,,
b1_t20_float32,minillm,prefill,qkv_linear,linear,PyTorch aten::linear -> cuBLAS/cuBLASLt,"hidden_states=[1, 20, 128]; weight=[384, 128]",hidden_states=float32; weight=float32,"hidden_states=[2560, 128, 1]; weight=[128, 1]",hidden_states=256; weight=256,hidden_states=256; weight=256,"output=[1, 20, 384]",0.006825093645602465,0.006845999974757433,0.006838375000000001,2,2,2,0,0,0,0,False,0.01365018729120493,1966080,,
b1_t20_float32,minillm,prefill,rope,position,PyTorch eager CUDA,"q_raw=[1, 4, 20, 32]; k_raw=[1, 4, 20, 32]; positions=[20]",q_raw=float32; k_raw=float32; positions=int64,"q_raw=[7680, 32, 384, 1]; k_raw=[7680, 32, 384, 1]; positions=[1]",q_raw=256; k_raw=256; positions=256,q_raw=128; k_raw=128; positions=256,"output.0=[1, 4, 20, 32]; output.1=[1, 4, 20, 32]",0.08721274882555008,0.0907445028424263,0.0873283125,2,2,2,,,,,,0.17442549765110016,,,RoPE converts the strided fused-QKV views into contiguous Q/K tensors.
b1_t20_float32,minillm,prefill,qk_matmul,matmul,PyTorch aten::matmul/bmm -> cuBLAS,"query=[1, 4, 20, 32]; key=[1, 4, 20, 32]",query=float32; key=float32,"query=[2560, 640, 32, 1]; key=[2560, 640, 32, 1]",query=256; key=256,query=128; key=128,"output=[1, 4, 20, 20]",0.009807468857616186,0.010819187387824059,0.0098213544921875,2,2,2,0,0,0,1,False,0.019614937715232372,102400,,
b1_t20_float32,minillm,prefill,causal_mask,elementwise,PyTorch eager CUDA,"scores=[1, 4, 20, 20]; mask=[1, 1, 20, 20]",scores=float32; mask=float32,"scores=[1600, 400, 20, 1]; mask=[16384, 16384, 128, 1]",scores=256; mask=256,scores=16; mask=256,"output=[1, 4, 20, 20]",0.011683812364935875,0.012522812932729721,0.011698467773437499,2,2,2,,,,,,0.02336762472987175,,,
b1_t20_float32,minillm,prefill,softmax,reduction,PyTorch eager CUDA,"scores=[1, 4, 20, 20]",scores=float32,"scores=[1600, 400, 20, 1]",scores=256,scores=16,"output=[1, 4, 20, 20]",0.0036977187264710665,0.003718875115737319,0.0037110732421875,2,2,2,,,,,,0.007395437452942133,,,
b1_t20_float32,minillm,prefill,attention_value_matmul,matmul,PyTorch aten::matmul/bmm -> cuBLAS,"probabilities=[1, 4, 20, 20]; value=[1, 4, 20, 32]",probabilities=float32; value=float32,"probabilities=[1600, 400, 20, 1]; value=[7680, 32, 384, 1]",probabilities=256; value=256,probabilities=16; value=128,"output=[1, 4, 20, 32]",0.005420000059530139,0.005496187601238489,0.005435136718750001,2,2,2,0,0,0,1,False,0.010840000119060278,102400,,
b1_t20_float32,minillm,prefill,head_merge,layout,PyTorch eager CUDA,"attention_values=[1, 4, 20, 32]",attention_values=float32,"attention_values=[2560, 640, 32, 1]",attention_values=256,attention_values=128,"output=[1, 20, 128]",0.005150187527760863,0.0051719374023377895,0.0051636591796875,2,2,2,1,1,1,0,True,0.010300375055521727,,,
b1_t20_float32,minillm,prefill,output_projection,linear,PyTorch aten::linear -> cuBLAS/cuBLASLt,"hidden_states=[1, 20, 128]; weight=[128, 128]",hidden_states=float32; weight=float32,"hidden_states=[2560, 128, 1]; weight=[128, 1]",hidden_states=256; weight=256,hidden_states=256; weight=256,"output=[1, 20, 128]",0.008739156182855368,0.008802687749266624,0.00875508203125,2,2,2,0,0,0,0,False,0.017478312365710735,655360,,
b1_t20_float32,minillm,prefill,mlp_norm,normalization,PyTorch eager CUDA,"hidden_states=[1, 20, 128]",hidden_states=float32,"hidden_states=[2560, 128, 1]",hidden_states=256,hidden_states=256,"output=[1, 20, 128]",0.0072664376348257065,0.007299687713384628,0.0072812070312500005,2,2,2,,,,,,0.014532875269651413,,,
b1_t20_float32,minillm,prefill,mlp_fc1,linear,PyTorch aten::linear -> cuBLAS/cuBLASLt,"hidden_states=[1, 20, 128]; weight=[512, 128]",hidden_states=float32; weight=float32,"hidden_states=[2560, 128, 1]; weight=[128, 1]",hidden_states=256; weight=256,hidden_states=256; weight=256,"output=[1, 20, 512]",0.009563781321048737,0.009592312388122082,0.00957710546875,2,2,2,0,0,0,0,False,0.019127562642097473,2621440,,
b1_t20_float32,minillm,prefill,gelu,activation,PyTorch eager CUDA,"hidden_states=[1, 20, 512]",hidden_states=float32,"hidden_states=[10240, 512, 1]",hidden_states=256,hidden_states=256,"output=[1, 20, 512]",0.003394656232558191,0.0035349375102669,0.0034083769531250002,2,2,2,,,,,,0.006789312465116382,,,
b1_t20_float32,minillm,prefill,mlp_fc2,linear,PyTorch aten::linear -> cuBLAS/cuBLASLt,"hidden_states=[1, 20, 512]; weight=[128, 512]",hidden_states=float32; weight=float32,"hidden_states=[10240, 512, 1]; weight=[512, 1]",hidden_states=256; weight=256,hidden_states=256; weight=256,"output=[1, 20, 128]",0.009345343802124262,0.00946037471294403,0.009362273437499999,2,2,2,0,0,0,0,False,0.018690687604248524,2621440,,
b1_t20_float32,minillm,prefill,final_norm,normalization,PyTorch eager CUDA,"hidden_states=[1, 20, 128]",hidden_states=float32,"hidden_states=[2560, 128, 1]",hidden_states=256,hidden_states=256,"output=[1, 20, 128]",0.007324468577280641,0.007361562456935644,0.0073393310546875,1,1,1,,,,,,0.007324468577280641,,,
b1_t20_float32,minillm,prefill,lm_head,linear,PyTorch aten::linear -> cuBLAS/cuBLASLt,"hidden_states=[1, 20, 128]; weight=[512, 128]",hidden_states=float32; weight=float32,"hidden_states=[2560, 128, 1]; weight=[128, 1]",hidden_states=256; weight=256,hidden_states=256; weight=256,"output=[1, 20, 512]",0.00748796877451241,0.007520562503486872,0.0075020068359375,1,1,1,0,0,0,0,False,0.00748796877451241,2621440,,
b1_t20_float32,minillm,prefill,full_prefill,full_model,PyTorch eager mixed,"input_ids=[1, 20]",input_ids=int64,"input_ids=[20, 1]",input_ids=256,input_ids=256,"output=[1, 20, 512]",0.5108540058135986,0.5155240297317505,0.5121306875,1,1,1,,,,,,0.5108540058135986,,39150.12855414045,
b1_t20_float32,minillm,decode,embedding,lookup,PyTorch eager CUDA,"input_ids=[1, 1]; weight=[512, 128]",input_ids=int64; weight=float32,"input_ids=[1, 1]; weight=[128, 1]",input_ids=256; weight=256,input_ids=256; weight=256,"output=[1, 1, 128]",0.005815781187266111,0.005837062373757362,0.005829931640624999,1,1,15,,,,,,0.005815781187266111,,,
b1_t20_float32,minillm,decode,attention_norm,normalization,PyTorch eager CUDA,"hidden_states=[1, 1, 128]",hidden_states=float32,"hidden_states=[128, 128, 1]",hidden_states=256,hidden_states=256,"output=[1, 1, 128]",0.007218312472105026,0.007235249970108271,0.0072325751953125,2,2,30,,,,,,0.014436624944210052,,,
b1_t20_float32,minillm,decode,qkv_linear,linear,PyTorch aten::linear -> cuBLAS/cuBLASLt,"hidden_states=[1, 1, 128]; weight=[384, 128]",hidden_states=float32; weight=float32,"hidden_states=[128, 128, 1]; weight=[128, 1]",hidden_states=256; weight=256,hidden_states=256; weight=256,"output=[1, 1, 384]",0.0071719062980264425,0.00719087477773428,0.007185704101562501,2,2,30,0,0,0,0,False,0.014343812596052885,98304,,
b1_t20_float32,minillm,decode,rope,position,PyTorch eager CUDA,"q_raw=[1, 4, 1, 32]; k_raw=[1, 4, 1, 32]; positions=[1]",q_raw=float32; k_raw=float32; positions=int64,"q_raw=[128, 32, 128, 1]; k_raw=[128, 32, 128, 1]; positions=[1]",q_raw=256; k_raw=256; positions=256,q_raw=128; k_raw=128; positions=256,"output.0=[1, 4, 1, 32]; output.1=[1, 4, 1, 32]",0.08165274932980537,0.08179949969053268,0.0817813515625,2,2,30,,,,,,0.16330549865961075,,,RoPE converts the strided fused-QKV views into contiguous Q/K tensors.
b1_t20_float32,minillm,decode,native_kv_concat,kv_cache,PyTorch eager CUDA,"past_key=[1, 4, 20, 32]; new_key=[1, 4, 1, 32]; past_value=[1, 4, 20, 32]; new_value=[1, 4, 1, 32]",past_key=float32; new_key=float32; past_value=float32; new_value=float32,"past_key=[2560, 640, 32, 1]; new_key=[128, 32, 32, 1]; past_value=[7680, 32, 384, 1]; new_value=[128, 32, 128, 1]",past_key=256; new_key=256; past_value=256; new_value=256,past_key=128; new_key=128; past_value=128; new_value=128,"output.0=[1, 4, 21, 32]; output.1=[1, 4, 21, 32]",0.008023906499147415,0.008056250400841236,0.008039678710937501,2,4,30,0,0,0,0,False,0.01604781299829483,,,The teaching cache reallocates and copies both complete K and V histories each step.
b1_t20_float32,minillm,decode,qk_matmul,matmul,PyTorch aten::matmul/bmm -> cuBLAS,"query=[1, 4, 1, 32]; key=[1, 4, 21, 32]",query=float32; key=float32,"query=[128, 32, 32, 1]; key=[2688, 672, 32, 1]",query=256; key=256,query=128; key=128,"output=[1, 4, 1, 21]",0.009782593697309494,0.00979981292039156,0.00979641796875,2,2,30,0,0,0,1,False,0.019565187394618988,5376,,
b1_t20_float32,minillm,decode,causal_mask,elementwise,PyTorch eager CUDA,"scores=[1, 4, 1, 21]; mask=[1, 1, 1, 21]",scores=float32; mask=float32,"scores=[84, 21, 21, 1]; mask=[16384, 16384, 128, 1]",scores=256; mask=256,scores=4; mask=256,"output=[1, 4, 1, 21]",0.011500343680381775,0.011559812352061272,0.011517068359375,2,2,30,,,,,,0.02300068736076355,,,
b1_t20_float32,minillm,decode,softmax,reduction,PyTorch eager CUDA,"scores=[1, 4, 1, 21]",scores=float32,"scores=[84, 21, 21, 1]",scores=256,scores=4,"output=[1, 4, 1, 21]",0.0037445001071318984,0.003758562495931983,0.0037595107421875,2,2,30,,,,,,0.007489000214263797,,,
b1_t20_float32,minillm,decode,attention_value_matmul,matmul,PyTorch aten::matmul/bmm -> cuBLAS,"probabilities=[1, 4, 1, 21]; value=[1, 4, 21, 32]",probabilities=float32; value=float32,"probabilities=[84, 21, 21, 1]; value=[2688, 672, 32, 1]",probabilities=256; value=256,probabilities=4; value=128,"output=[1, 4, 1, 32]",0.005162406247109175,0.0051838126964867115,0.0051766337890625,2,2,30,0,0,0,1,False,0.01032481249421835,5376,,
b1_t20_float32,minillm,decode,head_merge,layout,PyTorch eager CUDA,"attention_values=[1, 4, 1, 32]",attention_values=float32,"attention_values=[128, 32, 32, 1]",attention_values=256,attention_values=128,"output=[1, 1, 128]",0.0008816874760668725,0.000884687528014183,0.0008959267578125,2,2,30,0,0,0,0,False,0.001763374952133745,,,
b1_t20_float32,minillm,decode,output_projection,linear,PyTorch aten::linear -> cuBLAS/cuBLASLt,"hidden_states=[1, 1, 128]; weight=[128, 128]",hidden_states=float32; weight=float32,"hidden_states=[128, 128, 1]; weight=[128, 1]",hidden_states=256; weight=256,hidden_states=256; weight=256,"output=[1, 1, 128]",0.00705787492915988,0.00708893733099103,0.0070761318359375,2,2,30,0,0,0,0,False,0.01411574985831976,32768,,
b1_t20_float32,minillm,decode,mlp_norm,normalization,PyTorch eager CUDA,"hidden_states=[1, 1, 128]",hidden_states=float32,"hidden_states=[128, 128, 1]",hidden_states=256,hidden_states=256,"output=[1, 1, 128]",0.007178718689829111,0.007207562681287527,0.0071973759765625,2,2,30,,,,,,0.014357437379658222,,,
b1_t20_float32,minillm,decode,mlp_fc1,linear,PyTorch aten::linear -> cuBLAS/cuBLASLt,"hidden_states=[1, 1, 128]; weight=[512, 128]",hidden_states=float32; weight=float32,"hidden_states=[128, 128, 1]; weight=[128, 1]",hidden_states=256; weight=256,hidden_states=256; weight=256,"output=[1, 1, 512]",0.007809281349182129,0.007842312566936016,0.0078228720703125,2,2,30,0,0,0,0,False,0.015618562698364258,131072,,
b1_t20_float32,minillm,decode,gelu,activation,PyTorch eager CUDA,"hidden_states=[1, 1, 512]",hidden_states=float32,"hidden_states=[512, 512, 1]",hidden_states=256,hidden_states=256,"output=[1, 1, 512]",0.0033890624763444066,0.0033998126164078712,0.0034027617187500003,2,2,30,,,,,,0.006778124952688813,,,
b1_t20_float32,minillm,decode,mlp_fc2,linear,PyTorch aten::linear -> cuBLAS/cuBLASLt,"hidden_states=[1, 1, 512]; weight=[128, 512]",hidden_states=float32; weight=float32,"hidden_states=[512, 512, 1]; weight=[512, 1]",hidden_states=256; weight=256,hidden_states=256; weight=256,"output=[1, 1, 128]",0.0078103437554091215,0.007835124619305134,0.007823732421875,2,2,30,0,0,0,0,False,0.015620687510818243,131072,,
b1_t20_float32,minillm,decode,final_norm,normalization,PyTorch eager CUDA,"hidden_states=[1, 1, 128]",hidden_states=float32,"hidden_states=[128, 128, 1]",hidden_states=256,hidden_states=256,"output=[1, 1, 128]",0.007260312559083104,0.007276812568306923,0.007274106445312499,1,1,15,,,,,,0.007260312559083104,,,
b1_t20_float32,minillm,decode,lm_head,linear,PyTorch aten::linear -> cuBLAS/cuBLASLt,"hidden_states=[1, 1, 128]; weight=[512, 128]",hidden_states=float32; weight=float32,"hidden_states=[128, 128, 1]; weight=[128, 1]",hidden_states=256; weight=256,hidden_states=256; weight=256,"output=[1, 1, 512]",0.005546718603000045,0.005556562449783087,0.0055605791015625,1,1,15,0,0,0,0,False,0.005546718603000045,131072,,
b1_t20_float32,minillm,decode,full_decode_step,full_model,PyTorch eager mixed,"input_ids=[1, 1]; past_key=[1, 4, 20, 32]",input_ids=int64; past_key=float32,"input_ids=[1, 1]; past_key=[2560, 640, 32, 1]",input_ids=256; past_key=256,input_ids=256; past_key=128,"output=[1, 1, 512]",0.4733999967575073,0.4792400002479553,0.474422,1,1,15,,,,,,0.4733999967575073,,2112.378552702518,
b1_t20_float32,nano_vllm_torch,prefill,embedding,lookup,PyTorch eager CUDA,"input_ids=[20]; weight=[512, 128]",input_ids=int64; weight=float32,"input_ids=[1]; weight=[128, 1]",input_ids=256; weight=256,input_ids=256; weight=256,"output=[20, 128]",0.006993124959990382,0.007018375210464001,0.0070073359374999995,1,1,1,,,,,,0.006993124959990382,,,
b1_t20_float32,nano_vllm_torch,prefill,attention_norm,normalization,PyTorch eager CUDA,"hidden_states=[20, 128]",hidden_states=float32,"hidden_states=[128, 1]",hidden_states=256,hidden_states=256,"output=[20, 128]",0.007269656285643578,0.007280562538653612,0.007282990234375,2,2,2,,,,,,0.014539312571287155,,,
b1_t20_float32,nano_vllm_torch,prefill,qkv_linear,linear,PyTorch aten::linear -> cuBLAS/cuBLASLt,"hidden_states=[20, 128]; weight=[384, 128]",hidden_states=float32; weight=float32,"hidden_states=[128, 1]; weight=[128, 1]",hidden_states=256; weight=256,hidden_states=256; weight=256,"output=[20, 384]",0.008786249905824661,0.008798249997198582,0.0087999404296875,2,2,2,0,0,0,0,False,0.017572499811649323,1966080,,
b1_t20_float32,nano_vllm_torch,prefill,rope,position,PyTorch eager CUDA,"q_raw=[20, 4, 32]; k_raw=[20, 4, 32]; positions=[20]",q_raw=float32; k_raw=float32; positions=int64,"q_raw=[384, 32, 1]; k_raw=[384, 32, 1]; positions=[1]",q_raw=256; k_raw=256; positions=256,q_raw=128; k_raw=128; positions=256,"output.0=[20, 4, 32]; output.1=[20, 4, 32]",0.06895200163125992,0.06910400092601776,0.0690686015625,2,2,2,,,,,,0.13790400326251984,,,"Uses nano-vLLM's flattened [tokens, heads, head_dim] convention."
b1_t20_float32,nano_vllm_torch,prefill,nano_paged_kv_store,kv_cache,PyTorch eager CUDA,"key=[20, 4, 32]; value=[20, 4, 32]; key_cache=[1, 256, 4, 32]; slot_mapping=[20]",key=float32; value=float32; key_cache=float32; slot_mapping=int64,"key=[128, 32, 1]; value=[384, 32, 1]; key_cache=[32768, 128, 32, 1]; slot_mapping=[1]",key=256; value=256; key_cache=256; slot_mapping=256,key=128; value=128; key_cache=128; slot_mapping=256,"output.0=[1, 256, 4, 32]; output.1=[1, 256, 4, 32]",0.007809156319126487,0.00781112490221858,0.007822763671875,2,4,2,0,0,0,0,False,0.015618312638252974,,,PyTorch index_copy_ baseline; nano-vLLM production path replaces this with Triton.
b1_t20_float32,nano_vllm_torch,prefill,qk_matmul,matmul,PyTorch aten::einsum -> bmm/cuBLAS,"query=[20, 4, 32]; key=[20, 4, 32]",query=float32; key=float32,"query=[128, 32, 1]; key=[128, 32, 1]",query=256; key=256,query=128; key=128,"output=[4, 20, 20]",0.012448499910533428,0.0125322500243783,0.012476107421875,2,2,2,0,0,0,1,False,0.024896999821066856,102400,,One sequence invocation; fallback loops over batch sequences.
b1_t20_float32,nano_vllm_torch,prefill,causal_mask,elementwise,PyTorch eager CUDA,"scores=[4, 20, 20]; mask=[1, 20, 20]",scores=float32; mask=bool,"scores=[400, 20, 1]; mask=[400, 20, 1]",scores=256; mask=256,scores=16; mask=4,"output=[4, 20, 20]",0.01138518750667572,0.011475250124931335,0.0113986630859375,2,2,2,,,,,,0.02277037501335144,,,
b1_t20_float32,nano_vllm_torch,prefill,softmax,reduction,PyTorch eager CUDA,"scores=[4, 20, 20]",scores=float32,"scores=[400, 20, 1]",scores=256,scores=16,"output=[4, 20, 20]",0.004117218777537346,0.004137500189244747,0.0041309453125,2,2,2,,,,,,0.008234437555074692,,,nano-vLLM's PyTorch fallback promotes attention scores to FP32.
b1_t20_float32,nano_vllm_torch,prefill,attention_value_matmul,matmul,PyTorch aten::einsum -> bmm/cuBLAS,"probabilities=[4, 20, 20]; value=[20, 4, 32]",probabilities=float32; value=float32,"probabilities=[400, 20, 1]; value=[384, 32, 1]",probabilities=256; value=256,probabilities=16; value=128,"output=[20, 4, 32]",0.008115625008940697,0.008147562853991985,0.0081310771484375,2,2,2,0,0,0,1,False,0.016231250017881393,102400,,
b1_t20_float32,nano_vllm_torch,prefill,attention_output_concat,layout,PyTorch eager CUDA,"sequence_0=[20, 4, 32]",sequence_0=float32,"sequence_0=[32, 640, 1]",sequence_0=256,sequence_0=128,"output=[20, 4, 32]",0.0045838437508791685,0.0045959376730024815,0.0045975400390625,2,2,2,0,0,0,0,False,0.009167687501758337,,,nano-vLLM's PyTorch fallback concatenates one attention result per sequence.
b1_t20_float32,nano_vllm_torch,prefill,head_merge,layout,PyTorch eager CUDA,"attention_values=[20, 4, 32]",attention_values=float32,"attention_values=[128, 32, 1]",attention_values=256,attention_values=128,"output=[20, 128]",0.00039146874041762203,0.0003951874969061464,0.000405068359375,2,2,2,0,0,0,0,False,0.0007829374808352441,,,
b1_t20_float32,nano_vllm_torch,prefill,output_projection,linear,PyTorch aten::linear -> cuBLAS/cuBLASLt,"hidden_states=[20, 128]; weight=[128, 128]",hidden_states=float32; weight=float32,"hidden_states=[128, 1]; weight=[128, 1]",hidden_states=256; weight=256,hidden_states=256; weight=256,"output=[20, 128]",0.008571906480938196,0.00984943751245737,0.008589611328125,2,2,2,0,0,0,0,False,0.017143812961876392,655360,,
b1_t20_float32,nano_vllm_torch,prefill,mlp_norm,normalization,PyTorch eager CUDA,"hidden_states=[20, 128]",hidden_states=float32,"hidden_states=[128, 1]",hidden_states=256,hidden_states=256,"output=[20, 128]",0.00725703127682209,0.007308062631636858,0.0072715439453125,2,2,2,,,,,,0.01451406255364418,,,
b1_t20_float32,nano_vllm_torch,prefill,mlp_fc1,linear,PyTorch aten::linear -> cuBLAS/cuBLASLt,"hidden_states=[20, 128]; weight=[512, 128]",hidden_states=float32; weight=float32,"hidden_states=[128, 1]; weight=[128, 1]",hidden_states=256; weight=256,hidden_states=256; weight=256,"output=[20, 512]",0.00941078132018447,0.0096220001578331,0.0094317490234375,2,2,2,0,0,0,0,False,0.01882156264036894,2621440,,
b1_t20_float32,nano_vllm_torch,prefill,gelu,activation,PyTorch eager CUDA,"hidden_states=[20, 512]",hidden_states=float32,"hidden_states=[512, 1]",hidden_states=256,hidden_states=256,"output=[20, 512]",0.0033905624877661467,0.0035171874333173037,0.003405306640625,2,2,2,,,,,,0.006781124975532293,,,
b1_t20_float32,nano_vllm_torch,prefill,mlp_fc2,linear,PyTorch aten::linear -> cuBLAS/cuBLASLt,"hidden_states=[20, 512]; weight=[128, 512]",hidden_states=float32; weight=float32,"hidden_states=[512, 1]; weight=[512, 1]",hidden_states=256; weight=256,hidden_states=256; weight=256,"output=[20, 128]",0.009184374939650297,0.009331624954938889,0.009201057617187501,2,2,2,0,0,0,0,False,0.018368749879300594,2621440,,
b1_t20_float32,nano_vllm_torch,prefill,final_norm,normalization,PyTorch eager CUDA,"hidden_states=[20, 128]",hidden_states=float32,"hidden_states=[128, 1]",hidden_states=256,hidden_states=256,"output=[20, 128]",0.007331999950110912,0.007610062602907419,0.007350142578125,1,1,1,,,,,,0.007331999950110912,,,
b1_t20_float32,nano_vllm_torch,prefill,lm_head,linear,PyTorch aten::linear -> cuBLAS/cuBLASLt,"hidden_states=[1, 128]; weight=[512, 128]",hidden_states=float32; weight=float32,"hidden_states=[128, 1]; weight=[128, 1]",hidden_states=256; weight=256,hidden_states=256; weight=256,"output=[1, 512]",0.00530393747612834,0.005553062539547682,0.005323794921875,1,1,1,0,0,0,0,False,0.00530393747612834,131072,,"Prefill projects only each sequence's last token, matching nano-vLLM serving."
b1_t20_float32,nano_vllm_torch,prefill,full_prefill,full_model,PyTorch fallback mixed,"input_ids=[20]; key_cache=[1, 256, 4, 32]",input_ids=int64; key_cache=float32,"input_ids=[1]; key_cache=[32768, 128, 32, 1]",input_ids=256; key_cache=256,input_ids=256; key_cache=128,"output=[1, 512]",0.5912500023841858,0.643343985080719,0.596808375,1,1,1,,,,,,0.5912500023841858,,33826.638341397054,
b1_t20_float32,nano_vllm_torch,decode,embedding,lookup,PyTorch eager CUDA,"input_ids=[1]; weight=[512, 128]",input_ids=int64; weight=float32,"input_ids=[1]; weight=[128, 1]",input_ids=256; weight=256,input_ids=256; weight=256,"output=[1, 128]",0.005651312414556742,0.00604418758302927,0.0056707998046875,1,1,15,,,,,,0.005651312414556742,,,
b1_t20_float32,nano_vllm_torch,decode,attention_norm,normalization,PyTorch eager CUDA,"hidden_states=[1, 128]",hidden_states=float32,"hidden_states=[128, 1]",hidden_states=256,hidden_states=256,"output=[1, 128]",0.007342749973759055,0.007823187857866287,0.0073889658203125,2,2,30,,,,,,0.01468549994751811,,,
b1_t20_float32,nano_vllm_torch,decode,qkv_linear,linear,PyTorch aten::linear -> cuBLAS/cuBLASLt,"hidden_states=[1, 128]; weight=[384, 128]",hidden_states=float32; weight=float32,"hidden_states=[128, 1]; weight=[128, 1]",hidden_states=256; weight=256,hidden_states=256; weight=256,"output=[1, 384]",0.007199374958872795,0.007785062305629253,0.0072543857421875,2,2,30,0,0,0,0,False,0.01439874991774559,98304,,
b1_t20_float32,nano_vllm_torch,decode,rope,position,PyTorch eager CUDA,"q_raw=[1, 4, 32]; k_raw=[1, 4, 32]; positions=[1]",q_raw=float32; k_raw=float32; positions=int64,"q_raw=[128, 32, 1]; k_raw=[128, 32, 1]; positions=[1]",q_raw=256; k_raw=256; positions=256,q_raw=128; k_raw=128; positions=256,"output.0=[1, 4, 32]; output.1=[1, 4, 32]",0.0669659972190857,0.07258950173854828,0.06731796875,2,2,30,,,,,,0.1339319944381714,,,"Uses nano-vLLM's flattened [tokens, heads, head_dim] convention."
b1_t20_float32,nano_vllm_torch,decode,nano_paged_kv_store,kv_cache,PyTorch eager CUDA,"key=[1, 4, 32]; value=[1, 4, 32]; key_cache=[1, 256, 4, 32]; slot_mapping=[1]",key=float32; value=float32; key_cache=float32; slot_mapping=int64,"key=[128, 32, 1]; value=[128, 32, 1]; key_cache=[32768, 128, 32, 1]; slot_mapping=[1]",key=256; value=256; key_cache=256; slot_mapping=256,key=128; value=128; key_cache=128; slot_mapping=256,"output.0=[1, 256, 4, 32]; output.1=[1, 256, 4, 32]",0.00787924975156784,0.007981999777257442,0.0078975986328125,2,4,30,0,0,0,0,False,0.01575849950313568,,,PyTorch index_copy_ baseline; nano-vLLM production path replaces this with Triton.
b1_t20_float32,nano_vllm_torch,decode,nano_paged_kv_gather,kv_cache,PyTorch eager CUDA,"key_cache=[1, 256, 4, 32]; value_cache=[1, 256, 4, 32]; block_table=[1]",key_cache=float32; value_cache=float32; block_table=int32,"key_cache=[32768, 128, 32, 1]; value_cache=[32768, 128, 32, 1]; block_table=[1]",key_cache=256; value_cache=256; block_table=256,key_cache=128; value_cache=128; block_table=256,"output.0=[21, 4, 32]; output.1=[21, 4, 32]",0.016543874517083168,0.01683112420141697,0.0165744375,2,4,30,0,0,1,0,False,0.033087749034166336,,,One sequence's K/V pair; fallback executes this per layer and sequence.
b1_t20_float32,nano_vllm_torch,decode,qk_matmul,matmul,PyTorch aten::einsum -> bmm/cuBLAS,"query=[1, 4, 32]; key=[21, 4, 32]",query=float32; key=float32,"query=[128, 32, 1]; key=[128, 32, 1]",query=256; key=256,query=128; key=128,"output=[4, 1, 21]",0.012351687531918287,0.012814625166356564,0.012400427734375,2,2,30,0,0,0,1,False,0.024703375063836575,5376,,One sequence invocation; fallback loops over batch sequences.
b1_t20_float32,nano_vllm_torch,decode,causal_mask,elementwise,PyTorch eager CUDA,"scores=[4, 1, 21]; mask=[1, 1, 21]",scores=float32; mask=bool,"scores=[21, 21, 1]; mask=[21, 21, 1]",scores=256; mask=256,scores=4; mask=256,"output=[4, 1, 21]",0.011217687278985977,0.01137787476181984,0.011232330078125,2,2,30,,,,,,0.022435374557971954,,,
b1_t20_float32,nano_vllm_torch,decode,softmax,reduction,PyTorch eager CUDA,"scores=[4, 1, 21]",scores=float32,"scores=[21, 21, 1]",scores=256,scores=4,"output=[4, 1, 21]",0.004084843909367919,0.004188562277704477,0.0040988076171875,2,2,30,,,,,,0.008169687818735838,,,nano-vLLM's PyTorch fallback promotes attention scores to FP32.
b1_t20_float32,nano_vllm_torch,decode,attention_value_matmul,matmul,PyTorch aten::einsum -> bmm/cuBLAS,"probabilities=[4, 1, 21]; value=[21, 4, 32]",probabilities=float32; value=float32,"probabilities=[21, 21, 1]; value=[128, 32, 1]",probabilities=256; value=256,probabilities=4; value=128,"output=[1, 4, 32]",0.008000500034540892,0.008283312432467937,0.008017984375,2,2,30,0,0,0,1,False,0.016001000069081783,5376,,
b1_t20_float32,nano_vllm_torch,decode,attention_output_concat,layout,PyTorch eager CUDA,"sequence_0=[1, 4, 32]",sequence_0=float32,"sequence_0=[128, 32, 1]",sequence_0=256,sequence_0=128,"output=[1, 4, 32]",0.004384656436741352,0.004473499953746796,0.004405994140624999,2,2,30,0,0,0,0,False,0.008769312873482704,,,nano-vLLM's PyTorch fallback concatenates one attention result per sequence.
b1_t20_float32,nano_vllm_torch,decode,head_merge,layout,PyTorch eager CUDA,"attention_values=[1, 4, 32]",attention_values=float32,"attention_values=[128, 32, 1]",attention_values=256,attention_values=128,"output=[1, 128]",0.00038568749732803553,0.0003919375012628734,0.0004012041015625,2,2,30,0,0,0,0,False,0.0007713749946560711,,,
b1_t20_float32,nano_vllm_torch,decode,output_projection,linear,PyTorch aten::linear -> cuBLAS/cuBLASLt,"hidden_states=[1, 128]; weight=[128, 128]",hidden_states=float32; weight=float32,"hidden_states=[128, 1]; weight=[128, 1]",hidden_states=256; weight=256,hidden_states=256; weight=256,"output=[1, 128]",0.00693046860396862,0.007069687359035015,0.006948921875,2,2,30,0,0,0,0,False,0.01386093720793724,32768,,
b1_t20_float32,nano_vllm_torch,decode,mlp_norm,normalization,PyTorch eager CUDA,"hidden_states=[1, 128]",hidden_states=float32,"hidden_states=[128, 1]",hidden_states=256,hidden_states=256,"output=[1, 128]",0.00718387495726347,0.007348187267780304,0.0072050283203125,2,2,30,,,,,,0.01436774991452694,,,
b1_t20_float32,nano_vllm_torch,decode,mlp_fc1,linear,PyTorch aten::linear -> cuBLAS/cuBLASLt,"hidden_states=[1, 128]; weight=[512, 128]",hidden_states=float32; weight=float32,"hidden_states=[128, 1]; weight=[128, 1]",hidden_states=256; weight=256,hidden_states=256; weight=256,"output=[1, 512]",0.007495374884456396,0.00759387481957674,0.0075118056640625,2,2,30,0,0,0,0,False,0.014990749768912792,131072,,
b1_t20_float32,nano_vllm_torch,decode,gelu,activation,PyTorch eager CUDA,"hidden_states=[1, 512]",hidden_states=float32,"hidden_states=[512, 1]",hidden_states=256,hidden_states=256,"output=[1, 512]",0.00337868754286319,0.003420437453314662,0.0033950937499999997,2,2,30,,,,,,0.00675737508572638,,,
b1_t20_float32,nano_vllm_torch,decode,mlp_fc2,linear,PyTorch aten::linear -> cuBLAS/cuBLASLt,"hidden_states=[1, 512]; weight=[128, 512]",hidden_states=float32; weight=float32,"hidden_states=[512, 1]; weight=[512, 1]",hidden_states=256; weight=256,hidden_states=256; weight=256,"output=[1, 128]",0.0075670937076210976,0.007618874777108431,0.0075808837890624994,2,2,30,0,0,0,0,False,0.015134187415242195,131072,,
b1_t20_float32,nano_vllm_torch,decode,final_norm,normalization,PyTorch eager CUDA,"hidden_states=[1, 128]",hidden_states=float32,"hidden_states=[128, 1]",hidden_states=256,hidden_states=256,"output=[1, 128]",0.007229187525808811,0.007253250107169151,0.0072425380859375,1,1,15,,,,,,0.007229187525808811,,,
b1_t20_float32,nano_vllm_torch,decode,lm_head,linear,PyTorch aten::linear -> cuBLAS/cuBLASLt,"hidden_states=[1, 128]; weight=[512, 128]",hidden_states=float32; weight=float32,"hidden_states=[128, 1]; weight=[128, 1]",hidden_states=256; weight=256,hidden_states=256; weight=256,"output=[1, 512]",0.005249249981716275,0.005267375148832798,0.005262884765625,1,1,15,0,0,0,0,False,0.005249249981716275,131072,,"Prefill projects only each sequence's last token, matching nano-vLLM serving."
b1_t20_float32,nano_vllm_torch,decode,full_decode_step,full_model,PyTorch fallback mixed,"input_ids=[1]; key_cache=[1, 256, 4, 32]",input_ids=int64; key_cache=float32,"input_ids=[1]; key_cache=[32768, 128, 32, 1]",input_ids=256; key_cache=256,input_ids=256; key_cache=128,"output=[1, 512]",0.511132001876831,0.5145760178565979,0.5122105,1,1,15,,,,,,0.511132001876831,,1956.4417730216253,
b8_t20_float32,minillm,prefill,embedding,lookup,PyTorch eager CUDA,"input_ids=[8, 20]; weight=[512, 128]",input_ids=int64; weight=float32,"input_ids=[20, 1]; weight=[128, 1]",input_ids=256; weight=256,input_ids=32; weight=256,"output=[8, 20, 128]",0.007303031161427498,0.007314625196158886,0.0073174589843750006,1,1,1,,,,,,0.007303031161427498,,,
b8_t20_float32,minillm,prefill,attention_norm,normalization,PyTorch eager CUDA,"hidden_states=[8, 20, 128]",hidden_states=float32,"hidden_states=[2560, 128, 1]",hidden_states=256,hidden_states=256,"output=[8, 20, 128]",0.007160312496125698,0.007226124871522188,0.0071739775390625,2,2,2,,,,,,0.014320624992251396,,,
b8_t20_float32,minillm,prefill,qkv_linear,linear,PyTorch aten::linear -> cuBLAS/cuBLASLt,"hidden_states=[8, 20, 128]; weight=[384, 128]",hidden_states=float32; weight=float32,"hidden_states=[2560, 128, 1]; weight=[128, 1]",hidden_states=256; weight=256,hidden_states=256; weight=256,"output=[8, 20, 384]",0.007219562539830804,0.007247250061482191,0.0072353779296875,2,2,2,0,0,0,0,False,0.014439125079661608,15728640,,
b8_t20_float32,minillm,prefill,rope,position,PyTorch eager CUDA,"q_raw=[8, 4, 20, 32]; k_raw=[8, 4, 20, 32]; positions=[20]",q_raw=float32; k_raw=float32; positions=int64,"q_raw=[7680, 32, 384, 1]; k_raw=[7680, 32, 384, 1]; positions=[1]",q_raw=256; k_raw=256; positions=256,q_raw=128; k_raw=128; positions=256,"output.0=[8, 4, 20, 32]; output.1=[8, 4, 20, 32]",0.08712775260210037,0.08816900104284286,0.08724103125,2,2,2,,,,,,0.17425550520420074,,,RoPE converts the strided fused-QKV views into contiguous Q/K tensors.
b8_t20_float32,minillm,prefill,qk_matmul,matmul,PyTorch aten::matmul/bmm -> cuBLAS,"query=[8, 4, 20, 32]; key=[8, 4, 20, 32]",query=float32; key=float32,"query=[2560, 640, 32, 1]; key=[2560, 640, 32, 1]",query=256; key=256,query=128; key=128,"output=[8, 4, 20, 20]",0.009759000036865473,0.009785500355064869,0.00977249609375,2,2,2,0,0,0,1,False,0.019518000073730946,819200,,
b8_t20_float32,minillm,prefill,causal_mask,elementwise,PyTorch eager CUDA,"scores=[8, 4, 20, 20]; mask=[1, 1, 20, 20]",scores=float32; mask=float32,"scores=[1600, 400, 20, 1]; mask=[16384, 16384, 128, 1]",scores=256; mask=256,scores=16; mask=256,"output=[8, 4, 20, 20]",0.011694500222802162,0.01173737458884716,0.011722212890625,2,2,2,,,,,,0.023389000445604324,,,
b8_t20_float32,minillm,prefill,softmax,reduction,PyTorch eager CUDA,"scores=[8, 4, 20, 20]",scores=float32,"scores=[1600, 400, 20, 1]",scores=256,scores=16,"output=[8, 4, 20, 20]",0.0035965312272310257,0.003618750022724271,0.0036105908203125,2,2,2,,,,,,0.007193062454462051,,,
b8_t20_float32,minillm,prefill,attention_value_matmul,matmul,PyTorch aten::matmul/bmm -> cuBLAS,"probabilities=[8, 4, 20, 20]; value=[8, 4, 20, 32]",probabilities=float32; value=float32,"probabilities=[1600, 400, 20, 1]; value=[7680, 32, 384, 1]",probabilities=256; value=256,probabilities=16; value=128,"output=[8, 4, 20, 32]",0.009327156003564596,0.009381749667227268,0.009347087890625001,2,2,2,1,0,1,1,True,0.018654312007129192,819200,,
b8_t20_float32,minillm,prefill,head_merge,layout,PyTorch eager CUDA,"attention_values=[8, 4, 20, 32]",attention_values=float32,"attention_values=[2560, 640, 32, 1]",attention_values=256,attention_values=128,"output=[8, 20, 128]",0.005106156226247549,0.005134874954819679,0.0051204208984375,2,2,2,1,1,1,0,True,0.010212312452495098,,,
b8_t20_float32,minillm,prefill,output_projection,linear,PyTorch aten::linear -> cuBLAS/cuBLASLt,"hidden_states=[8, 20, 128]; weight=[128, 128]",hidden_states=float32; weight=float32,"hidden_states=[2560, 128, 1]; weight=[128, 1]",hidden_states=256; weight=256,hidden_states=256; weight=256,"output=[8, 20, 128]",0.006948843598365784,0.00698931235820055,0.006963706054687499,2,2,2,0,0,0,0,False,0.013897687196731567,5242880,,
b8_t20_float32,minillm,prefill,mlp_norm,normalization,PyTorch eager CUDA,"hidden_states=[8, 20, 128]",hidden_states=float32,"hidden_states=[2560, 128, 1]",hidden_states=256,hidden_states=256,"output=[8, 20, 128]",0.007094156229868531,0.007249874994158745,0.007109741210937499,2,2,2,,,,,,0.014188312459737062,,,
b8_t20_float32,minillm,prefill,mlp_fc1,linear,PyTorch aten::linear -> cuBLAS/cuBLASLt,"hidden_states=[8, 20, 128]; weight=[512, 128]",hidden_states=float32; weight=float32,"hidden_states=[2560, 128, 1]; weight=[128, 1]",hidden_states=256; weight=256,hidden_states=256; weight=256,"output=[8, 20, 512]",0.007820718456059694,0.00787224993109703,0.00783425390625,2,2,2,0,0,0,0,False,0.01564143691211939,20971520,,
b8_t20_float32,minillm,prefill,gelu,activation,PyTorch eager CUDA,"hidden_states=[8, 20, 512]",hidden_states=float32,"hidden_states=[10240, 512, 1]",hidden_states=256,hidden_states=256,"output=[8, 20, 512]",0.003288062522187829,0.003347499994561076,0.0033021435546875,2,2,2,,,,,,0.006576125044375658,,,
b8_t20_float32,minillm,prefill,mlp_fc2,linear,PyTorch aten::linear -> cuBLAS/cuBLASLt,"hidden_states=[8, 20, 512]; weight=[128, 512]",hidden_states=float32; weight=float32,"hidden_states=[10240, 512, 1]; weight=[512, 1]",hidden_states=256; weight=256,hidden_states=256; weight=256,"output=[8, 20, 128]",0.009400718845427036,0.009492999874055386,0.009417536132812501,2,2,2,0,0,0,0,False,0.018801437690854073,20971520,,
b8_t20_float32,minillm,prefill,final_norm,normalization,PyTorch eager CUDA,"hidden_states=[8, 20, 128]",hidden_states=float32,"hidden_states=[2560, 128, 1]",hidden_states=256,hidden_states=256,"output=[8, 20, 128]",0.0071526875253766775,0.007287312299013138,0.0071724423828125,1,1,1,,,,,,0.0071526875253766775,,,
b8_t20_float32,minillm,prefill,lm_head,linear,PyTorch aten::linear -> cuBLAS/cuBLASLt,"hidden_states=[8, 20, 128]; weight=[512, 128]",hidden_states=float32; weight=float32,"hidden_states=[2560, 128, 1]; weight=[128, 1]",hidden_states=256; weight=256,hidden_states=256; weight=256,"output=[8, 20, 512]",0.005617843940854073,0.005688562523573637,0.005635953125,1,1,1,0,0,0,0,False,0.005617843940854073,20971520,,
b8_t20_float32,minillm,prefill,full_prefill,full_model,PyTorch eager mixed,"input_ids=[8, 20]",input_ids=int64,"input_ids=[20, 1]",input_ids=256,input_ids=32,"output=[8, 20, 512]",0.49484600126743317,0.4981360137462616,0.4959449375,1,1,1,,,,,,0.49484600126743317,,323332.9148668417,
b8_t20_float32,minillm,decode,embedding,lookup,PyTorch eager CUDA,"input_ids=[8, 1]; weight=[512, 128]",input_ids=int64; weight=float32,"input_ids=[1, 1]; weight=[128, 1]",input_ids=256; weight=256,input_ids=8; weight=256,"output=[8, 1, 128]",0.005852625006809831,0.005872874986380339,0.0058662343749999995,1,1,15,,,,,,0.005852625006809831,,,
b8_t20_float32,minillm,decode,attention_norm,normalization,PyTorch eager CUDA,"hidden_states=[8, 1, 128]",hidden_states=float32,"hidden_states=[128, 128, 1]",hidden_states=256,hidden_states=256,"output=[8, 1, 128]",0.007193093653768301,0.007207749877125025,0.0072080830078124995,2,2,30,,,,,,0.014386187307536602,,,
b8_t20_float32,minillm,decode,qkv_linear,linear,PyTorch aten::linear -> cuBLAS/cuBLASLt,"hidden_states=[8, 1, 128]; weight=[384, 128]",hidden_states=float32; weight=float32,"hidden_states=[128, 128, 1]; weight=[128, 1]",hidden_states=256; weight=256,hidden_states=256; weight=256,"output=[8, 1, 384]",0.007089343853294849,0.007120187394320965,0.007104693359375,2,2,30,0,0,0,0,False,0.014178687706589699,786432,,
b8_t20_float32,minillm,decode,rope,position,PyTorch eager CUDA,"q_raw=[8, 4, 1, 32]; k_raw=[8, 4, 1, 32]; positions=[1]",q_raw=float32; k_raw=float32; positions=int64,"q_raw=[384, 32, 128, 1]; k_raw=[384, 32, 128, 1]; positions=[1]",q_raw=256; k_raw=256; positions=256,q_raw=128; k_raw=128; positions=256,"output.0=[8, 4, 1, 32]; output.1=[8, 4, 1, 32]",0.0806949995458126,0.08164650201797485,0.08087109375,2,2,30,,,,,,0.1613899990916252,,,RoPE converts the strided fused-QKV views into contiguous Q/K tensors.
b8_t20_float32,minillm,decode,native_kv_concat,kv_cache,PyTorch eager CUDA,"past_key=[8, 4, 20, 32]; new_key=[8, 4, 1, 32]; past_value=[8, 4, 20, 32]; new_value=[8, 4, 1, 32]",past_key=float32; new_key=float32; past_value=float32; new_value=float32,"past_key=[2560, 640, 32, 1]; new_key=[128, 32, 32, 1]; past_value=[7680, 32, 384, 1]; new_value=[384, 32, 128, 1]",past_key=256; new_key=256; past_value=256; new_value=256,past_key=128; new_key=128; past_value=128; new_value=128,"output.0=[8, 4, 21, 32]; output.1=[8, 4, 21, 32]",0.00799968745559454,0.008382375352084637,0.0080149921875,2,4,30,0,0,0,0,False,0.01599937491118908,,,The teaching cache reallocates and copies both complete K and V histories each step.
b8_t20_float32,minillm,decode,qk_matmul,matmul,PyTorch aten::matmul/bmm -> cuBLAS,"query=[8, 4, 1, 32]; key=[8, 4, 21, 32]",query=float32; key=float32,"query=[128, 32, 32, 1]; key=[2688, 672, 32, 1]",query=256; key=256,query=128; key=128,"output=[8, 4, 1, 21]",0.009861625265330076,0.009920687414705753,0.0098863251953125,2,2,30,0,0,0,1,False,0.019723250530660152,43008,,
b8_t20_float32,minillm,decode,causal_mask,elementwise,PyTorch eager CUDA,"scores=[8, 4, 1, 21]; mask=[1, 1, 1, 21]",scores=float32; mask=float32,"scores=[84, 21, 21, 1]; mask=[16384, 16384, 128, 1]",scores=256; mask=256,scores=4; mask=256,"output=[8, 4, 1, 21]",0.01135415630415082,0.011639812961220741,0.011390951171875,2,2,30,,,,,,0.02270831260830164,,,
b8_t20_float32,minillm,decode,softmax,reduction,PyTorch eager CUDA,"scores=[8, 4, 1, 21]",scores=float32,"scores=[84, 21, 21, 1]",scores=256,scores=4,"output=[8, 4, 1, 21]",0.003538156161084771,0.004159562289714813,0.003552107421875,2,2,30,,,,,,0.007076312322169542,,,
b8_t20_float32,minillm,decode,attention_value_matmul,matmul,PyTorch aten::matmul/bmm -> cuBLAS,"probabilities=[8, 4, 1, 21]; value=[8, 4, 21, 32]",probabilities=float32; value=float32,"probabilities=[84, 21, 21, 1]; value=[2688, 672, 32, 1]",probabilities=256; value=256,probabilities=4; value=128,"output=[8, 4, 1, 32]",0.005258750170469284,0.005265749990940094,0.005273609375,2,2,30,0,0,0,1,False,0.010517500340938568,43008,,
b8_t20_float32,minillm,decode,head_merge,layout,PyTorch eager CUDA,"attention_values=[8, 4, 1, 32]",attention_values=float32,"attention_values=[128, 32, 32, 1]",attention_values=256,attention_values=128,"output=[8, 1, 128]",0.0008777187613304704,0.0008811249863356352,0.0008913583984375,2,2,30,0,0,0,0,False,0.0017554375226609409,,,
b8_t20_float32,minillm,decode,output_projection,linear,PyTorch aten::linear -> cuBLAS/cuBLASLt,"hidden_states=[8, 1, 128]; weight=[128, 128]",hidden_states=float32; weight=float32,"hidden_states=[128, 128, 1]; weight=[128, 1]",hidden_states=256; weight=256,hidden_states=256; weight=256,"output=[8, 1, 128]",0.00701612513512373,0.007049062289297581,0.007029791992187499,2,2,30,0,0,0,0,False,0.01403225027024746,262144,,
b8_t20_float32,minillm,decode,mlp_norm,normalization,PyTorch eager CUDA,"hidden_states=[8, 1, 128]",hidden_states=float32,"hidden_states=[128, 128, 1]",hidden_states=256,hidden_states=256,"output=[8, 1, 128]",0.007075718604028225,0.007234687451273203,0.007089599609375,2,2,30,,,,,,0.01415143720805645,,,
b8_t20_float32,minillm,decode,mlp_fc1,linear,PyTorch aten::linear -> cuBLAS/cuBLASLt,"hidden_states=[8, 1, 128]; weight=[512, 128]",hidden_states=float32; weight=float32,"hidden_states=[128, 128, 1]; weight=[128, 1]",hidden_states=256; weight=256,hidden_states=256; weight=256,"output=[8, 1, 512]",0.0078074687626212835,0.007847624830901623,0.007823103515624999,2,2,30,0,0,0,0,False,0.015614937525242567,1048576,,
b8_t20_float32,minillm,decode,gelu,activation,PyTorch eager CUDA,"hidden_states=[8, 1, 512]",hidden_states=float32,"hidden_states=[512, 512, 1]",hidden_states=256,hidden_states=256,"output=[8, 1, 512]",0.0033696249593049288,0.0033943750895559788,0.0033828271484375,2,2,30,,,,,,0.0067392499186098576,,,
b8_t20_float32,minillm,decode,mlp_fc2,linear,PyTorch aten::linear -> cuBLAS/cuBLASLt,"hidden_states=[8, 1, 512]; weight=[128, 512]",hidden_states=float32; weight=float32,"hidden_states=[512, 512, 1]; weight=[512, 1]",hidden_states=256; weight=256,hidden_states=256; weight=256,"output=[8, 1, 128]",0.007781031308695674,0.007824687287211418,0.00779441796875,2,2,30,0,0,0,0,False,0.015562062617391348,1048576,,
b8_t20_float32,minillm,decode,final_norm,normalization,PyTorch eager CUDA,"hidden_states=[8, 1, 128]",hidden_states=float32,"hidden_states=[128, 128, 1]",hidden_states=256,hidden_states=256,"output=[8, 1, 128]",0.00717781251296401,0.00721956230700016,0.0071911396484375,1,1,15,,,,,,0.00717781251296401,,,
b8_t20_float32,minillm,decode,lm_head,linear,PyTorch aten::linear -> cuBLAS/cuBLASLt,"hidden_states=[8, 1, 128]; weight=[512, 128]",hidden_states=float32; weight=float32,"hidden_states=[128, 128, 1]; weight=[128, 1]",hidden_states=256; weight=256,hidden_states=256; weight=256,"output=[8, 1, 512]",0.005506281275302172,0.005543437320739031,0.00552062890625,1,1,15,0,0,0,0,False,0.005506281275302172,1048576,,
b8_t20_float32,minillm,decode,full_decode_step,full_model,PyTorch eager mixed,"input_ids=[8, 1]; past_key=[8, 4, 20, 32]",input_ids=int64; past_key=float32,"input_ids=[1, 1]; past_key=[2560, 640, 32, 1]",input_ids=256; past_key=256,input_ids=8; past_key=128,"output=[8, 1, 512]",0.4658779948949814,0.47308799624443054,0.46691825,1,1,15,,,,,,0.4658779948949814,,17171.877804194995,
b8_t20_float32,nano_vllm_torch,prefill,embedding,lookup,PyTorch eager CUDA,"input_ids=[160]; weight=[512, 128]",input_ids=int64; weight=float32,"input_ids=[1]; weight=[128, 1]",input_ids=256; weight=256,input_ids=256; weight=256,"output=[160, 128]",0.007009062450379133,0.007042062468826771,0.007022779296875,1,1,1,,,,,,0.007009062450379133,,,
b8_t20_float32,nano_vllm_torch,prefill,attention_norm,normalization,PyTorch eager CUDA,"hidden_states=[160, 128]",hidden_states=float32,"hidden_states=[128, 1]",hidden_states=256,hidden_states=256,"output=[160, 128]",0.0070942186284810305,0.007160750217735767,0.0071079619140625005,2,2,2,,,,,,0.014188437256962061,,,
b8_t20_float32,nano_vllm_torch,prefill,qkv_linear,linear,PyTorch aten::linear -> cuBLAS/cuBLASLt,"hidden_states=[160, 128]; weight=[384, 128]",hidden_states=float32; weight=float32,"hidden_states=[128, 1]; weight=[128, 1]",hidden_states=256; weight=256,hidden_states=256; weight=256,"output=[160, 384]",0.007076781243085861,0.0071322498843073845,0.00709144921875,2,2,2,0,0,0,0,False,0.014153562486171722,15728640,,
b8_t20_float32,nano_vllm_torch,prefill,rope,position,PyTorch eager CUDA,"q_raw=[160, 4, 32]; k_raw=[160, 4, 32]; positions=[160]",q_raw=float32; k_raw=float32; positions=int64,"q_raw=[384, 32, 1]; k_raw=[384, 32, 1]; positions=[1]",q_raw=256; k_raw=256; positions=256,q_raw=128; k_raw=128; positions=256,"output.0=[160, 4, 32]; output.1=[160, 4, 32]",0.06850899755954742,0.06884799897670746,0.0686763125,2,2,2,,,,,,0.13701799511909485,,,"Uses nano-vLLM's flattened [tokens, heads, head_dim] convention."
b8_t20_float32,nano_vllm_torch,prefill,nano_paged_kv_store,kv_cache,PyTorch eager CUDA,"key=[160, 4, 32]; value=[160, 4, 32]; key_cache=[8, 256, 4, 32]; slot_mapping=[160]",key=float32; value=float32; key_cache=float32; slot_mapping=int64,"key=[128, 32, 1]; value=[384, 32, 1]; key_cache=[32768, 128, 32, 1]; slot_mapping=[1]",key=256; value=256; key_cache=256; slot_mapping=256,key=128; value=128; key_cache=128; slot_mapping=256,"output.0=[8, 256, 4, 32]; output.1=[8, 256, 4, 32]",0.0078071563038975,0.007955187931656837,0.0078215673828125,2,4,2,0,0,0,0,False,0.015614312607795,,,PyTorch index_copy_ baseline; nano-vLLM production path replaces this with Triton.
b8_t20_float32,nano_vllm_torch,prefill,qk_matmul,matmul,PyTorch aten::einsum -> bmm/cuBLAS,"query=[20, 4, 32]; key=[20, 4, 32]",query=float32; key=float32,"query=[128, 32, 1]; key=[128, 32, 1]",query=256; key=256,query=128; key=128,"output=[4, 20, 20]",0.01244937488809228,0.012881125323474407,0.012478994140625,16,16,16,0,0,0,1,False,0.19918999820947647,102400,,One sequence invocation; fallback loops over batch sequences.
b8_t20_float32,nano_vllm_torch,prefill,causal_mask,elementwise,PyTorch eager CUDA,"scores=[4, 20, 20]; mask=[1, 20, 20]",scores=float32; mask=bool,"scores=[400, 20, 1]; mask=[400, 20, 1]",scores=256; mask=256,scores=16; mask=4,"output=[4, 20, 20]",0.011265843641012907,0.01136618759483099,0.01128109765625,16,16,16,,,,,,0.1802534982562065,,,
b8_t20_float32,nano_vllm_torch,prefill,softmax,reduction,PyTorch eager CUDA,"scores=[4, 20, 20]",scores=float32,"scores=[400, 20, 1]",scores=256,scores=16,"output=[4, 20, 20]",0.004146374994888902,0.004223187454044819,0.004161549804687499,16,16,16,,,,,,0.06634199991822243,,,nano-vLLM's PyTorch fallback promotes attention scores to FP32.
b8_t20_float32,nano_vllm_torch,prefill,attention_value_matmul,matmul,PyTorch aten::einsum -> bmm/cuBLAS,"probabilities=[4, 20, 20]; value=[20, 4, 32]",probabilities=float32; value=float32,"probabilities=[400, 20, 1]; value=[384, 32, 1]",probabilities=256; value=256,probabilities=16; value=128,"output=[20, 4, 32]",0.00803106278181076,0.008095375262200832,0.0080479833984375,16,16,16,0,0,0,1,False,0.12849700450897217,102400,,
b8_t20_float32,nano_vllm_torch,prefill,attention_output_concat,layout,PyTorch eager CUDA,"sequence_0=[20, 4, 32]; sequence_1=[20, 4, 32]; sequence_2=[20, 4, 32]; sequence_3=[20, 4, 32]; sequence_4=[20, 4, 32]; sequence_5=[20, 4, 32]; sequence_6=[20, 4, 32]; sequence_7=[20, 4, 32]",sequence_0=float32; sequence_1=float32; sequence_2=float32; sequence_3=float32; sequence_4=float32; sequence_5=float32; sequence_6=float32; sequence_7=float32,"sequence_0=[32, 640, 1]; sequence_1=[32, 640, 1]; sequence_2=[32, 640, 1]; sequence_3=[32, 640, 1]; sequence_4=[32, 640, 1]; sequence_5=[32, 640, 1]; sequence_6=[32, 640, 1]; sequence_7=[32, 640, 1]",sequence_0=256; sequence_1=256; sequence_2=256; sequence_3=256; sequence_4=256; sequence_5=256; sequence_6=256; sequence_7=256,sequence_0=128; sequence_1=128; sequence_2=128; sequence_3=128; sequence_4=128; sequence_5=128; sequence_6=128; sequence_7=128,"output=[160, 4, 32]",0.004373843781650066,0.004432812333106995,0.004387681640625,2,2,2,0,0,0,0,False,0.008747687563300133,,,nano-vLLM's PyTorch fallback concatenates one attention result per sequence.
b8_t20_float32,nano_vllm_torch,prefill,head_merge,layout,PyTorch eager CUDA,"attention_values=[160, 4, 32]",attention_values=float32,"attention_values=[128, 32, 1]",attention_values=256,attention_values=128,"output=[160, 128]",0.00038824998773634434,0.0003895625122822821,0.0004017236328125,2,2,2,0,0,0,0,False,0.0007764999754726887,,,
b8_t20_float32,nano_vllm_torch,prefill,output_projection,linear,PyTorch aten::linear -> cuBLAS/cuBLASLt,"hidden_states=[160, 128]; weight=[128, 128]",hidden_states=float32; weight=float32,"hidden_states=[128, 1]; weight=[128, 1]",hidden_states=256; weight=256,hidden_states=256; weight=256,"output=[160, 128]",0.0068321251310408115,0.006912874989211559,0.006849517578125,2,2,2,0,0,0,0,False,0.013664250262081623,5242880,,
b8_t20_float32,nano_vllm_torch,prefill,mlp_norm,normalization,PyTorch eager CUDA,"hidden_states=[160, 128]",hidden_states=float32,"hidden_states=[128, 1]",hidden_states=256,hidden_states=256,"output=[160, 128]",0.007108062505722046,0.00725100003182888,0.0071250654296875,2,2,2,,,,,,0.014216125011444092,,,
b8_t20_float32,nano_vllm_torch,prefill,mlp_fc1,linear,PyTorch aten::linear -> cuBLAS/cuBLASLt,"hidden_states=[160, 128]; weight=[512, 128]",hidden_states=float32; weight=float32,"hidden_states=[128, 1]; weight=[128, 1]",hidden_states=256; weight=256,hidden_states=256; weight=256,"output=[160, 512]",0.007690843660384417,0.007856125012040138,0.007708328125,2,2,2,0,0,0,0,False,0.015381687320768833,20971520,,
b8_t20_float32,nano_vllm_torch,prefill,gelu,activation,PyTorch eager CUDA,"hidden_states=[160, 512]",hidden_states=float32,"hidden_states=[512, 1]",hidden_states=256,hidden_states=256,"output=[160, 512]",0.0032902187667787075,0.0033889375627040863,0.0033052158203125,2,2,2,,,,,,0.006580437533557415,,,
b8_t20_float32,nano_vllm_torch,prefill,mlp_fc2,linear,PyTorch aten::linear -> cuBLAS/cuBLASLt,"hidden_states=[160, 512]; weight=[128, 512]",hidden_states=float32; weight=float32,"hidden_states=[512, 1]; weight=[512, 1]",hidden_states=256; weight=256,hidden_states=256; weight=256,"output=[160, 128]",0.009216687642037868,0.009276187047362328,0.009230327148437498,2,2,2,0,0,0,0,False,0.018433375284075737,20971520,,
b8_t20_float32,nano_vllm_torch,prefill,final_norm,normalization,PyTorch eager CUDA,"hidden_states=[160, 128]",hidden_states=float32,"hidden_states=[128, 1]",hidden_states=256,hidden_states=256,"output=[160, 128]",0.007112249964848161,0.007125937379896641,0.0071255166015625,1,1,1,,,,,,0.007112249964848161,,,
b8_t20_float32,nano_vllm_torch,prefill,lm_head,linear,PyTorch aten::linear -> cuBLAS/cuBLASLt,"hidden_states=[8, 128]; weight=[512, 128]",hidden_states=float32; weight=float32,"hidden_states=[128, 1]; weight=[128, 1]",hidden_states=256; weight=256,hidden_states=256; weight=256,"output=[8, 512]",0.005219937535002828,0.0052239373326301575,0.00523359765625,1,1,1,0,0,0,0,False,0.005219937535002828,1048576,,"Prefill projects only each sequence's last token, matching nano-vLLM serving."
b8_t20_float32,nano_vllm_torch,prefill,full_prefill,full_model,PyTorch fallback mixed,"input_ids=[160]; key_cache=[8, 256, 4, 32]",input_ids=int64; key_cache=float32,"input_ids=[1]; key_cache=[32768, 128, 32, 1]",input_ids=256; key_cache=256,input_ids=256; key_cache=128,"output=[8, 512]",1.3370360136032104,1.3398319482803345,1.3392487499999999,1,1,1,,,,,,1.3370360136032104,,119667.68162722272,
b8_t20_float32,nano_vllm_torch,decode,embedding,lookup,PyTorch eager CUDA,"input_ids=[8]; weight=[512, 128]",input_ids=int64; weight=float32,"input_ids=[1]; weight=[128, 1]",input_ids=256; weight=256,input_ids=256; weight=256,"output=[8, 128]",0.00554084382019937,0.0055563123896718025,0.0055544208984375,1,1,15,,,,,,0.00554084382019937,,,
b8_t20_float32,nano_vllm_torch,decode,attention_norm,normalization,PyTorch eager CUDA,"hidden_states=[8, 128]",hidden_states=float32,"hidden_states=[128, 1]",hidden_states=256,hidden_states=256,"output=[8, 128]",0.007043374935165048,0.007081749849021435,0.0070571005859375,2,2,30,,,,,,0.014086749870330095,,,
b8_t20_float32,nano_vllm_torch,decode,qkv_linear,linear,PyTorch aten::linear -> cuBLAS/cuBLASLt,"hidden_states=[8, 128]; weight=[384, 128]",hidden_states=float32; weight=float32,"hidden_states=[128, 1]; weight=[128, 1]",hidden_states=256; weight=256,hidden_states=256; weight=256,"output=[8, 384]",0.006863218732178211,0.006918187718838453,0.006879630859374999,2,2,30,0,0,0,0,False,0.013726437464356422,786432,,
b8_t20_float32,nano_vllm_torch,decode,rope,position,PyTorch eager CUDA,"q_raw=[8, 4, 32]; k_raw=[8, 4, 32]; positions=[8]",q_raw=float32; k_raw=float32; positions=int64,"q_raw=[384, 32, 1]; k_raw=[384, 32, 1]; positions=[1]",q_raw=256; k_raw=256; positions=256,q_raw=128; k_raw=128; positions=256,"output.0=[8, 4, 32]; output.1=[8, 4, 32]",0.06539875268936157,0.06562899798154831,0.0655307265625,2,2,30,,,,,,0.13079750537872314,,,"Uses nano-vLLM's flattened [tokens, heads, head_dim] convention."
b8_t20_float32,nano_vllm_torch,decode,nano_paged_kv_store,kv_cache,PyTorch eager CUDA,"key=[8, 4, 32]; value=[8, 4, 32]; key_cache=[8, 256, 4, 32]; slot_mapping=[8]",key=float32; value=float32; key_cache=float32; slot_mapping=int64,"key=[128, 32, 1]; value=[384, 32, 1]; key_cache=[32768, 128, 32, 1]; slot_mapping=[1]",key=256; value=256; key_cache=256; slot_mapping=256,key=128; value=128; key_cache=128; slot_mapping=256,"output.0=[8, 256, 4, 32]; output.1=[8, 256, 4, 32]",0.007802562555298209,0.007810874842107296,0.007816089843749999,2,4,30,0,0,0,0,False,0.015605125110596418,,,PyTorch index_copy_ baseline; nano-vLLM production path replaces this with Triton.
b8_t20_float32,nano_vllm_torch,decode,nano_paged_kv_gather,kv_cache,PyTorch eager CUDA,"key_cache=[8, 256, 4, 32]; value_cache=[8, 256, 4, 32]; block_table=[1]",key_cache=float32; value_cache=float32; block_table=int32,"key_cache=[32768, 128, 32, 1]; value_cache=[32768, 128, 32, 1]; block_table=[1]",key_cache=256; value_cache=256; block_table=256,key_cache=128; value_cache=128; block_table=256,"output.0=[21, 4, 32]; output.1=[21, 4, 32]",0.016420499421656132,0.016461249440908432,0.016448249999999998,16,32,240,0,0,1,0,False,0.2627279907464981,,,One sequence's K/V pair; fallback executes this per layer and sequence.
b8_t20_float32,nano_vllm_torch,decode,qk_matmul,matmul,PyTorch aten::einsum -> bmm/cuBLAS,"query=[1, 4, 32]; key=[21, 4, 32]",query=float32; key=float32,"query=[128, 32, 1]; key=[128, 32, 1]",query=256; key=256,query=128; key=128,"output=[4, 1, 21]",0.012299937661737204,0.012369625270366669,0.012328884765625,16,16,240,0,0,0,1,False,0.19679900258779526,5376,,One sequence invocation; fallback loops over batch sequences.
b8_t20_float32,nano_vllm_torch,decode,causal_mask,elementwise,PyTorch eager CUDA,"scores=[4, 1, 21]; mask=[1, 1, 21]",scores=float32; mask=bool,"scores=[21, 21, 1]; mask=[21, 21, 1]",scores=256; mask=256,scores=4; mask=256,"output=[4, 1, 21]",0.01103268750011921,0.011094249784946442,0.0110466416015625,16,16,240,,,,,,0.17652300000190735,,,
b8_t20_float32,nano_vllm_torch,decode,softmax,reduction,PyTorch eager CUDA,"scores=[4, 1, 21]",scores=float32,"scores=[21, 21, 1]",scores=256,scores=4,"output=[4, 1, 21]",0.003997187362983823,0.00400312477722764,0.0040109365234375,16,16,240,,,,,,0.06395499780774117,,,nano-vLLM's PyTorch fallback promotes attention scores to FP32.
b8_t20_float32,nano_vllm_torch,decode,attention_value_matmul,matmul,PyTorch aten::einsum -> bmm/cuBLAS,"probabilities=[4, 1, 21]; value=[21, 4, 32]",probabilities=float32; value=float32,"probabilities=[21, 21, 1]; value=[128, 32, 1]",probabilities=256; value=256,probabilities=4; value=128,"output=[1, 4, 32]",0.008009999990463257,0.00802643783390522,0.008024926757812498,16,16,240,0,0,0,1,False,0.1281599998474121,5376,,
b8_t20_float32,nano_vllm_torch,decode,attention_output_concat,layout,PyTorch eager CUDA,"sequence_0=[1, 4, 32]; sequence_1=[1, 4, 32]; sequence_2=[1, 4, 32]; sequence_3=[1, 4, 32]; sequence_4=[1, 4, 32]; sequence_5=[1, 4, 32]; sequence_6=[1, 4, 32]; sequence_7=[1, 4, 32]",sequence_0=float32; sequence_1=float32; sequence_2=float32; sequence_3=float32; sequence_4=float32; sequence_5=float32; sequence_6=float32; sequence_7=float32,"sequence_0=[128, 32, 1]; sequence_1=[128, 32, 1]; sequence_2=[128, 32, 1]; sequence_3=[128, 32, 1]; sequence_4=[128, 32, 1]; sequence_5=[128, 32, 1]; sequence_6=[128, 32, 1]; sequence_7=[128, 32, 1]",sequence_0=256; sequence_1=256; sequence_2=256; sequence_3=256; sequence_4=256; sequence_5=256; sequence_6=256; sequence_7=256,sequence_0=128; sequence_1=128; sequence_2=128; sequence_3=128; sequence_4=128; sequence_5=128; sequence_6=128; sequence_7=128,"output=[8, 4, 32]",0.004372499883174896,0.0044586872681975365,0.004387242187499999,2,2,30,0,0,0,0,False,0.008744999766349792,,,nano-vLLM's PyTorch fallback concatenates one attention result per sequence.
b8_t20_float32,nano_vllm_torch,decode,head_merge,layout,PyTorch eager CUDA,"attention_values=[8, 4, 32]",attention_values=float32,"attention_values=[128, 32, 1]",attention_values=256,attention_values=128,"output=[8, 128]",0.0003911562525900081,0.00039418748929165304,0.0004049326171875,2,2,30,0,0,0,0,False,0.0007823125051800162,,,
b8_t20_float32,nano_vllm_torch,decode,output_projection,linear,PyTorch aten::linear -> cuBLAS/cuBLASLt,"hidden_states=[8, 128]; weight=[128, 128]",hidden_states=float32; weight=float32,"hidden_states=[128, 1]; weight=[128, 1]",hidden_states=256; weight=256,hidden_states=256; weight=256,"output=[8, 128]",0.006845843745395541,0.0068660001270473,0.006859859375,2,2,30,0,0,0,0,False,0.013691687490791082,262144,,
b8_t20_float32,nano_vllm_torch,decode,mlp_norm,normalization,PyTorch eager CUDA,"hidden_states=[8, 128]",hidden_states=float32,"hidden_states=[128, 1]",hidden_states=256,hidden_states=256,"output=[8, 128]",0.007065625162795186,0.007124312687665224,0.007079369140625,2,2,30,,,,,,0.014131250325590372,,,
b8_t20_float32,nano_vllm_torch,decode,mlp_fc1,linear,PyTorch aten::linear -> cuBLAS/cuBLASLt,"hidden_states=[8, 128]; weight=[512, 128]",hidden_states=float32; weight=float32,"hidden_states=[128, 1]; weight=[128, 1]",hidden_states=256; weight=256,hidden_states=256; weight=256,"output=[8, 512]",0.007549562491476536,0.007607187610119581,0.007563272460937499,2,2,30,0,0,0,0,False,0.015099124982953072,1048576,,
b8_t20_float32,nano_vllm_torch,decode,gelu,activation,PyTorch eager CUDA,"hidden_states=[8, 512]",hidden_states=float32,"hidden_states=[512, 1]",hidden_states=256,hidden_states=256,"output=[8, 512]",0.0033980937441810966,0.0034082499332726,0.0034115136718749998,2,2,30,,,,,,0.006796187488362193,,,
b8_t20_float32,nano_vllm_torch,decode,mlp_fc2,linear,PyTorch aten::linear -> cuBLAS/cuBLASLt,"hidden_states=[8, 512]; weight=[128, 512]",hidden_states=float32; weight=float32,"hidden_states=[512, 1]; weight=[512, 1]",hidden_states=256; weight=256,hidden_states=256; weight=256,"output=[8, 128]",0.007477468810975552,0.007565062493085861,0.007497351562500001,2,2,30,0,0,0,0,False,0.014954937621951103,1048576,,
b8_t20_float32,nano_vllm_torch,decode,final_norm,normalization,PyTorch eager CUDA,"hidden_states=[8, 128]",hidden_states=float32,"hidden_states=[128, 1]",hidden_states=256,hidden_states=256,"output=[8, 128]",0.007150374818593264,0.007215812336653471,0.0071650029296875,1,1,15,,,,,,0.007150374818593264,,,
b8_t20_float32,nano_vllm_torch,decode,lm_head,linear,PyTorch aten::linear -> cuBLAS/cuBLASLt,"hidden_states=[8, 128]; weight=[512, 128]",hidden_states=float32; weight=float32,"hidden_states=[128, 1]; weight=[128, 1]",hidden_states=256; weight=256,hidden_states=256; weight=256,"output=[8, 512]",0.00522537506185472,0.005266000051051378,0.0052388720703125,1,1,15,0,0,0,0,False,0.00522537506185472,1048576,,"Prefill projects only each sequence's last token, matching nano-vLLM serving."
b8_t20_float32,nano_vllm_torch,decode,full_decode_step,full_model,PyTorch fallback mixed,"input_ids=[8]; key_cache=[8, 256, 4, 32]",input_ids=int64; key_cache=float32,"input_ids=[1]; key_cache=[32768, 128, 32, 1]",input_ids=256; key_cache=256,input_ids=256; key_cache=128,"output=[8, 512]",1.5721840262413025,1.6081119775772095,1.576319,1,1,15,,,,,,1.5721840262413025,,5088.462843071872,
b1_t20_float16,minillm,prefill,embedding,lookup,PyTorch eager CUDA,"input_ids=[1, 20]; weight=[512, 128]",input_ids=int64; weight=float16,"input_ids=[20, 1]; weight=[128, 1]",input_ids=256; weight=256,input_ids=256; weight=256,"output=[1, 20, 128]",0.007338968571275473,0.007399812340736389,0.0073562763671875,1,1,1,,,,,,0.007338968571275473,,,
b1_t20_float16,minillm,prefill,attention_norm,normalization,PyTorch eager CUDA,"hidden_states=[1, 20, 128]",hidden_states=float16,"hidden_states=[2560, 128, 1]",hidden_states=256,hidden_states=256,"output=[1, 20, 128]",0.007158062420785427,0.007648124825209379,0.00717877734375,2,2,2,,,,,,0.014316124841570854,,,
b1_t20_float16,minillm,prefill,qkv_linear,linear,PyTorch aten::linear -> cuBLAS/cuBLASLt,"hidden_states=[1, 20, 128]; weight=[384, 128]",hidden_states=float16; weight=float16,"hidden_states=[2560, 128, 1]; weight=[128, 1]",hidden_states=256; weight=256,hidden_states=256; weight=256,"output=[1, 20, 384]",0.007533249910920858,0.007615187671035528,0.00754705078125,2,2,2,0,0,0,0,False,0.015066499821841717,1966080,,
b1_t20_float16,minillm,prefill,rope,position,PyTorch eager CUDA,"q_raw=[1, 4, 20, 32]; k_raw=[1, 4, 20, 32]; positions=[20]",q_raw=float16; k_raw=float16; positions=int64,"q_raw=[7680, 32, 384, 1]; k_raw=[7680, 32, 384, 1]; positions=[1]",q_raw=256; k_raw=256; positions=256,q_raw=64; k_raw=64; positions=256,"output.0=[1, 4, 20, 32]; output.1=[1, 4, 20, 32]",0.10446599870920181,0.10712900012731552,0.104700203125,2,2,2,,,,,,0.20893199741840363,,,RoPE converts the strided fused-QKV views into contiguous Q/K tensors.
b1_t20_float16,minillm,prefill,qk_matmul,matmul,PyTorch aten::matmul/bmm -> cuBLAS,"query=[1, 4, 20, 32]; key=[1, 4, 20, 32]",query=float16; key=float16,"query=[2560, 640, 32, 1]; key=[2560, 640, 32, 1]",query=256; key=256,query=64; key=64,"output=[1, 4, 20, 20]",0.010275250300765038,0.010370062664151192,0.0102886123046875,2,2,2,0,0,0,1,False,0.020550500601530075,102400,,
b1_t20_float16,minillm,prefill,causal_mask,elementwise,PyTorch eager CUDA,"scores=[1, 4, 20, 20]; mask=[1, 1, 20, 20]",scores=float16; mask=float16,"scores=[1600, 400, 20, 1]; mask=[16384, 16384, 128, 1]",scores=256; mask=256,scores=8; mask=256,"output=[1, 4, 20, 20]",0.011720249895006418,0.011959374882280827,0.011747833984375,2,2,2,,,,,,0.023440499790012836,,,
b1_t20_float16,minillm,prefill,softmax,reduction,PyTorch eager CUDA,"scores=[1, 4, 20, 20]",scores=float16,"scores=[1600, 400, 20, 1]",scores=256,scores=8,"output=[1, 4, 20, 20]",0.0036663749488070607,0.0037761249113827944,0.0036797333984375,2,2,2,,,,,,0.0073327498976141214,,,
b1_t20_float16,minillm,prefill,attention_value_matmul,matmul,PyTorch aten::matmul/bmm -> cuBLAS,"probabilities=[1, 4, 20, 20]; value=[1, 4, 20, 32]",probabilities=float16; value=float16,"probabilities=[1600, 400, 20, 1]; value=[7680, 32, 384, 1]",probabilities=256; value=256,probabilities=8; value=64,"output=[1, 4, 20, 32]",0.005849312525242567,0.005926187615841627,0.0058634492187500005,2,2,2,0,0,0,1,False,0.011698625050485134,102400,,
b1_t20_float16,minillm,prefill,head_merge,layout,PyTorch eager CUDA,"attention_values=[1, 4, 20, 32]",attention_values=float16,"attention_values=[2560, 640, 32, 1]",attention_values=256,attention_values=64,"output=[1, 20, 128]",0.005212031304836273,0.005250937305390835,0.0052258701171875,2,2,2,1,1,1,0,True,0.010424062609672546,,,
b1_t20_float16,minillm,prefill,output_projection,linear,PyTorch aten::linear -> cuBLAS/cuBLASLt,"hidden_states=[1, 20, 128]; weight=[128, 128]",hidden_states=float16; weight=float16,"hidden_states=[2560, 128, 1]; weight=[128, 1]",hidden_states=256; weight=256,hidden_states=256; weight=256,"output=[1, 20, 128]",0.007519718958064914,0.007598187308758497,0.0075365439453125,2,2,2,0,0,0,0,False,0.015039437916129827,655360,,
b1_t20_float16,minillm,prefill,mlp_norm,normalization,PyTorch eager CUDA,"hidden_states=[1, 20, 128]",hidden_states=float16,"hidden_states=[2560, 128, 1]",hidden_states=256,hidden_states=256,"output=[1, 20, 128]",0.0072175313252955675,0.007297750096768141,0.007231921875,2,2,2,,,,,,0.014435062650591135,,,
b1_t20_float16,minillm,prefill,mlp_fc1,linear,PyTorch aten::linear -> cuBLAS/cuBLASLt,"hidden_states=[1, 20, 128]; weight=[512, 128]",hidden_states=float16; weight=float16,"hidden_states=[2560, 128, 1]; weight=[128, 1]",hidden_states=256; weight=256,hidden_states=256; weight=256,"output=[1, 20, 512]",0.008146749809384346,0.008230437524616718,0.008163078125,2,2,2,0,0,0,0,False,0.016293499618768692,2621440,,
b1_t20_float16,minillm,prefill,gelu,activation,PyTorch eager CUDA,"hidden_states=[1, 20, 512]",hidden_states=float16,"hidden_states=[10240, 512, 1]",hidden_states=256,hidden_states=256,"output=[1, 20, 512]",0.0033029374899342656,0.0033179998863488436,0.0033165966796875,2,2,2,,,,,,0.006605874979868531,,,
b1_t20_float16,minillm,prefill,mlp_fc2,linear,PyTorch aten::linear -> cuBLAS/cuBLASLt,"hidden_states=[1, 20, 512]; weight=[128, 512]",hidden_states=float16; weight=float16,"hidden_states=[10240, 512, 1]; weight=[512, 1]",hidden_states=256; weight=256,hidden_states=256; weight=256,"output=[1, 20, 128]",0.008188500069081783,0.008241062052547932,0.0082025341796875,2,2,2,0,0,0,0,False,0.016377000138163567,2621440,,
b1_t20_float16,minillm,prefill,final_norm,normalization,PyTorch eager CUDA,"hidden_states=[1, 20, 128]",hidden_states=float16,"hidden_states=[2560, 128, 1]",hidden_states=256,hidden_states=256,"output=[1, 20, 128]",0.007296593626961112,0.007322937715798616,0.0073102666015625005,1,1,1,,,,,,0.007296593626961112,,,
b1_t20_float16,minillm,prefill,lm_head,linear,PyTorch aten::linear -> cuBLAS/cuBLASLt,"hidden_states=[1, 20, 128]; weight=[512, 128]",hidden_states=float16; weight=float16,"hidden_states=[2560, 128, 1]; weight=[128, 1]",hidden_states=256; weight=256,hidden_states=256; weight=256,"output=[1, 20, 512]",0.0058758126106113195,0.0058946250937879086,0.0058895117187500005,1,1,1,0,0,0,0,False,0.0058758126106113195,2621440,,
b1_t20_float16,minillm,prefill,full_prefill,full_model,PyTorch eager mixed,"input_ids=[1, 20]",input_ids=int64,"input_ids=[20, 1]",input_ids=256,input_ids=256,"output=[1, 20, 512]",0.5282799899578094,0.5540279746055603,0.5294528125,1,1,1,,,,,,0.5282799899578094,,37858.71200913228,
b1_t20_float16,minillm,decode,embedding,lookup,PyTorch eager CUDA,"input_ids=[1, 1]; weight=[512, 128]",input_ids=int64; weight=float16,"input_ids=[1, 1]; weight=[128, 1]",input_ids=256; weight=256,input_ids=256; weight=256,"output=[1, 1, 128]",0.005757999839261174,0.005794249940663576,0.0057717314453125,1,1,15,,,,,,0.005757999839261174,,,
b1_t20_float16,minillm,decode,attention_norm,normalization,PyTorch eager CUDA,"hidden_states=[1, 1, 128]",hidden_states=float16,"hidden_states=[128, 128, 1]",hidden_states=256,hidden_states=256,"output=[1, 1, 128]",0.007120468886569142,0.00717649981379509,0.0071358203125,2,2,30,,,,,,0.014240937773138285,,,
b1_t20_float16,minillm,decode,qkv_linear,linear,PyTorch aten::linear -> cuBLAS/cuBLASLt,"hidden_states=[1, 1, 128]; weight=[384, 128]",hidden_states=float16; weight=float16,"hidden_states=[128, 128, 1]; weight=[128, 1]",hidden_states=256; weight=256,hidden_states=256; weight=256,"output=[1, 1, 384]",0.007201281376183033,0.007280999794602394,0.00721514453125,2,2,30,0,0,0,0,False,0.014402562752366066,98304,,
b1_t20_float16,minillm,decode,rope,position,PyTorch eager CUDA,"q_raw=[1, 4, 1, 32]; k_raw=[1, 4, 1, 32]; positions=[1]",q_raw=float16; k_raw=float16; positions=int64,"q_raw=[128, 32, 128, 1]; k_raw=[128, 32, 128, 1]; positions=[1]",q_raw=256; k_raw=256; positions=256,q_raw=64; k_raw=64; positions=256,"output.0=[1, 4, 1, 32]; output.1=[1, 4, 1, 32]",0.0976645015180111,0.0993650034070015,0.097886609375,2,2,30,,,,,,0.1953290030360222,,,RoPE converts the strided fused-QKV views into contiguous Q/K tensors.
b1_t20_float16,minillm,decode,native_kv_concat,kv_cache,PyTorch eager CUDA,"past_key=[1, 4, 20, 32]; new_key=[1, 4, 1, 32]; past_value=[1, 4, 20, 32]; new_value=[1, 4, 1, 32]",past_key=float16; new_key=float16; past_value=float16; new_value=float16,"past_key=[2560, 640, 32, 1]; new_key=[128, 32, 32, 1]; past_value=[7680, 32, 384, 1]; new_value=[128, 32, 128, 1]",past_key=256; new_key=256; past_value=256; new_value=256,past_key=64; new_key=64; past_value=64; new_value=64,"output.0=[1, 4, 21, 32]; output.1=[1, 4, 21, 32]",0.008002968970686197,0.008095875382423401,0.008018354492187501,2,4,30,0,0,0,0,False,0.016005937941372395,,,The teaching cache reallocates and copies both complete K and V histories each step.
b1_t20_float16,minillm,decode,qk_matmul,matmul,PyTorch aten::matmul/bmm -> cuBLAS,"query=[1, 4, 1, 32]; key=[1, 4, 21, 32]",query=float16; key=float16,"query=[128, 32, 32, 1]; key=[2688, 672, 32, 1]",query=256; key=256,query=64; key=64,"output=[1, 4, 1, 21]",0.009813687298446894,0.009874687530100346,0.009829551757812499,2,2,30,0,0,0,1,False,0.019627374596893787,5376,,
b1_t20_float16,minillm,decode,causal_mask,elementwise,PyTorch eager CUDA,"scores=[1, 4, 1, 21]; mask=[1, 1, 1, 21]",scores=float16; mask=float16,"scores=[84, 21, 21, 1]; mask=[16384, 16384, 128, 1]",scores=256; mask=256,scores=2; mask=256,"output=[1, 4, 1, 21]",0.011398999951779842,0.01143568754196167,0.011413002929687499,2,2,30,,,,,,0.022797999903559685,,,
b1_t20_float16,minillm,decode,softmax,reduction,PyTorch eager CUDA,"scores=[1, 4, 1, 21]",scores=float16,"scores=[84, 21, 21, 1]",scores=256,scores=2,"output=[1, 4, 1, 21]",0.003622843651100993,0.0036423751153051853,0.0036363652343750002,2,2,30,,,,,,0.007245687302201986,,,
b1_t20_float16,minillm,decode,attention_value_matmul,matmul,PyTorch aten::matmul/bmm -> cuBLAS,"probabilities=[1, 4, 1, 21]; value=[1, 4, 21, 32]",probabilities=float16; value=float16,"probabilities=[84, 21, 21, 1]; value=[2688, 672, 32, 1]",probabilities=256; value=256,probabilities=2; value=64,"output=[1, 4, 1, 32]",0.005271031288430095,0.005280000157654285,0.0052847763671875,2,2,30,0,0,0,1,False,0.01054206257686019,5376,,
b1_t20_float16,minillm,decode,head_merge,layout,PyTorch eager CUDA,"attention_values=[1, 4, 1, 32]",attention_values=float16,"attention_values=[128, 32, 32, 1]",attention_values=256,attention_values=64,"output=[1, 1, 128]",0.0008910624892450869,0.0008943750290200114,0.0009046640625,2,2,30,0,0,0,0,False,0.0017821249784901738,,,
b1_t20_float16,minillm,decode,output_projection,linear,PyTorch aten::linear -> cuBLAS/cuBLASLt,"hidden_states=[1, 1, 128]; weight=[128, 128]",hidden_states=float16; weight=float16,"hidden_states=[128, 128, 1]; weight=[128, 1]",hidden_states=256; weight=256,hidden_states=256; weight=256,"output=[1, 1, 128]",0.007104249903932214,0.0071336873807013035,0.007117869140625,2,2,30,0,0,0,0,False,0.014208499807864428,32768,,
b1_t20_float16,minillm,decode,mlp_norm,normalization,PyTorch eager CUDA,"hidden_states=[1, 1, 128]",hidden_states=float16,"hidden_states=[128, 128, 1]",hidden_states=256,hidden_states=256,"output=[1, 1, 128]",0.007049562409520149,0.007158750202506781,0.0070666044921875,2,2,30,,,,,,0.014099124819040298,,,
b1_t20_float16,minillm,decode,mlp_fc1,linear,PyTorch aten::linear -> cuBLAS/cuBLASLt,"hidden_states=[1, 1, 128]; weight=[512, 128]",hidden_states=float16; weight=float16,"hidden_states=[128, 128, 1]; weight=[128, 1]",hidden_states=256; weight=256,hidden_states=256; weight=256,"output=[1, 1, 512]",0.007911843713372946,0.008136812597513199,0.007928945312500001,2,2,30,0,0,0,0,False,0.01582368742674589,131072,,
b1_t20_float16,minillm,decode,gelu,activation,PyTorch eager CUDA,"hidden_states=[1, 1, 512]",hidden_states=float16,"hidden_states=[512, 512, 1]",hidden_states=256,hidden_states=256,"output=[1, 1, 512]",0.003363031311891973,0.003402374917641282,0.0033778603515625,2,2,30,,,,,,0.006726062623783946,,,
b1_t20_float16,minillm,decode,mlp_fc2,linear,PyTorch aten::linear -> cuBLAS/cuBLASLt,"hidden_states=[1, 1, 512]; weight=[128, 512]",hidden_states=float16; weight=float16,"hidden_states=[512, 512, 1]; weight=[512, 1]",hidden_states=256; weight=256,hidden_states=256; weight=256,"output=[1, 1, 128]",0.007886437233537436,0.007995625026524067,0.0079181552734375,2,2,30,0,0,0,0,False,0.01577287446707487,131072,,
b1_t20_float16,minillm,decode,final_norm,normalization,PyTorch eager CUDA,"hidden_states=[1, 1, 128]",hidden_states=float16,"hidden_states=[128, 128, 1]",hidden_states=256,hidden_states=256,"output=[1, 1, 128]",0.007356374990195036,0.007447250187397003,0.007373291992187499,1,1,15,,,,,,0.007356374990195036,,,
b1_t20_float16,minillm,decode,lm_head,linear,PyTorch aten::linear -> cuBLAS/cuBLASLt,"hidden_states=[1, 1, 128]; weight=[512, 128]",hidden_states=float16; weight=float16,"hidden_states=[128, 128, 1]; weight=[128, 1]",hidden_states=256; weight=256,hidden_states=256; weight=256,"output=[1, 1, 512]",0.005738000152632594,0.005933062639087439,0.005756146484375,1,1,15,0,0,0,0,False,0.005738000152632594,131072,,
b1_t20_float16,minillm,decode,full_decode_step,full_model,PyTorch eager mixed,"input_ids=[1, 1]; past_key=[1, 4, 20, 32]",input_ids=int64; past_key=float16,"input_ids=[1, 1]; past_key=[2560, 640, 32, 1]",input_ids=256; past_key=256,input_ids=256; past_key=64,"output=[1, 1, 512]",0.5292240083217621,0.5489680171012878,0.53034575,1,1,15,,,,,,0.5292240083217621,,1889.5590227872117,
b1_t20_float16,nano_vllm_torch,prefill,embedding,lookup,PyTorch eager CUDA,"input_ids=[20]; weight=[512, 128]",input_ids=int64; weight=float16,"input_ids=[1]; weight=[128, 1]",input_ids=256; weight=256,input_ids=256; weight=256,"output=[20, 128]",0.007161749992519617,0.007371812593191862,0.0071819404296875,1,1,1,,,,,,0.007161749992519617,,,
b1_t20_float16,nano_vllm_torch,prefill,attention_norm,normalization,PyTorch eager CUDA,"hidden_states=[20, 128]",hidden_states=float16,"hidden_states=[128, 1]",hidden_states=256,hidden_states=256,"output=[20, 128]",0.007338187424466014,0.007463062647730112,0.0073543798828125,2,2,2,,,,,,0.014676374848932028,,,
b1_t20_float16,nano_vllm_torch,prefill,qkv_linear,linear,PyTorch aten::linear -> cuBLAS/cuBLASLt,"hidden_states=[20, 128]; weight=[384, 128]",hidden_states=float16; weight=float16,"hidden_states=[128, 1]; weight=[128, 1]",hidden_states=256; weight=256,hidden_states=256; weight=256,"output=[20, 384]",0.007504031294956803,0.007618562318384647,0.007528798828125001,2,2,2,0,0,0,0,False,0.015008062589913607,1966080,,
b1_t20_float16,nano_vllm_torch,prefill,rope,position,PyTorch eager CUDA,"q_raw=[20, 4, 32]; k_raw=[20, 4, 32]; positions=[20]",q_raw=float16; k_raw=float16; positions=int64,"q_raw=[384, 32, 1]; k_raw=[384, 32, 1]; positions=[1]",q_raw=256; k_raw=256; positions=256,q_raw=64; k_raw=64; positions=256,"output.0=[20, 4, 32]; output.1=[20, 4, 32]",0.08895749971270561,0.09233099967241287,0.089344546875,2,2,2,,,,,,0.17791499942541122,,,"Uses nano-vLLM's flattened [tokens, heads, head_dim] convention."
b1_t20_float16,nano_vllm_torch,prefill,nano_paged_kv_store,kv_cache,PyTorch eager CUDA,"key=[20, 4, 32]; value=[20, 4, 32]; key_cache=[1, 256, 4, 32]; slot_mapping=[20]",key=float16; value=float16; key_cache=float16; slot_mapping=int64,"key=[128, 32, 1]; value=[384, 32, 1]; key_cache=[32768, 128, 32, 1]; slot_mapping=[1]",key=256; value=256; key_cache=256; slot_mapping=256,key=64; value=64; key_cache=64; slot_mapping=256,"output.0=[1, 256, 4, 32]; output.1=[1, 256, 4, 32]",0.007912875153124332,0.00803068745881319,0.007936431640625,2,4,2,0,0,0,0,False,0.015825750306248665,,,PyTorch index_copy_ baseline; nano-vLLM production path replaces this with Triton.
b1_t20_float16,nano_vllm_torch,prefill,qk_matmul,matmul,PyTorch aten::einsum -> bmm/cuBLAS,"query=[20, 4, 32]; key=[20, 4, 32]",query=float16; key=float16,"query=[128, 32, 1]; key=[128, 32, 1]",query=256; key=256,query=64; key=64,"output=[4, 20, 20]",0.017471499741077423,0.017939375713467598,0.017508535156249998,2,2,2,0,0,1,1,False,0.034942999482154846,102400,,One sequence invocation; fallback loops over batch sequences.
b1_t20_float16,nano_vllm_torch,prefill,causal_mask,elementwise,PyTorch eager CUDA,"scores=[4, 20, 20]; mask=[1, 20, 20]",scores=float32; mask=bool,"scores=[400, 20, 1]; mask=[400, 20, 1]",scores=256; mask=256,scores=16; mask=4,"output=[4, 20, 20]",0.01164556248113513,0.012117999605834484,0.01168728125,2,2,2,,,,,,0.02329112496227026,,,
b1_t20_float16,nano_vllm_torch,prefill,softmax,reduction,PyTorch eager CUDA,"scores=[4, 20, 20]",scores=float32,"scores=[400, 20, 1]",scores=256,scores=16,"output=[4, 20, 20]",0.007863374892622232,0.008031999692320824,0.007921921875000001,2,2,2,,,,,,0.015726749785244465,,,nano-vLLM's PyTorch fallback promotes attention scores to FP32.
b1_t20_float16,nano_vllm_torch,prefill,attention_value_matmul,matmul,PyTorch aten::einsum -> bmm/cuBLAS,"probabilities=[4, 20, 20]; value=[20, 4, 32]",probabilities=float16; value=float16,"probabilities=[400, 20, 1]; value=[384, 32, 1]",probabilities=256; value=256,probabilities=8; value=64,"output=[20, 4, 32]",0.00882375007495284,0.009031625464558601,0.008844177734375,2,2,2,0,0,0,1,False,0.01764750014990568,102400,,
b1_t20_float16,nano_vllm_torch,prefill,attention_output_concat,layout,PyTorch eager CUDA,"sequence_0=[20, 4, 32]",sequence_0=float16,"sequence_0=[32, 640, 1]",sequence_0=256,sequence_0=64,"output=[20, 4, 32]",0.004813437582924962,0.004995562601834536,0.0048449873046874994,2,2,2,0,0,0,0,False,0.009626875165849924,,,nano-vLLM's PyTorch fallback concatenates one attention result per sequence.
b1_t20_float16,nano_vllm_torch,prefill,head_merge,layout,PyTorch eager CUDA,"attention_values=[20, 4, 32]",attention_values=float16,"attention_values=[128, 32, 1]",attention_values=256,attention_values=64,"output=[20, 128]",0.00038993748603388667,0.0004898125189356506,0.00040458984375,2,2,2,0,0,0,0,False,0.0007798749720677733,,,
b1_t20_float16,nano_vllm_torch,prefill,output_projection,linear,PyTorch aten::linear -> cuBLAS/cuBLASLt,"hidden_states=[20, 128]; weight=[128, 128]",hidden_states=float16; weight=float16,"hidden_states=[128, 1]; weight=[128, 1]",hidden_states=256; weight=256,hidden_states=256; weight=256,"output=[20, 128]",0.007609656313434243,0.0079561248421669,0.0076305263671874995,2,2,2,0,0,0,0,False,0.015219312626868486,655360,,
b1_t20_float16,nano_vllm_torch,prefill,mlp_norm,normalization,PyTorch eager CUDA,"hidden_states=[20, 128]",hidden_states=float16,"hidden_states=[128, 1]",hidden_states=256,hidden_states=256,"output=[20, 128]",0.0074004374910146,0.007524250075221062,0.007418658203125,2,2,2,,,,,,0.0148008749820292,,,
b1_t20_float16,nano_vllm_torch,prefill,mlp_fc1,linear,PyTorch aten::linear -> cuBLAS/cuBLASLt,"hidden_states=[20, 128]; weight=[512, 128]",hidden_states=float16; weight=float16,"hidden_states=[128, 1]; weight=[128, 1]",hidden_states=256; weight=256,hidden_states=256; weight=256,"output=[20, 512]",0.008128156419843435,0.008271249942481518,0.008159265624999999,2,2,2,0,0,0,0,False,0.01625631283968687,2621440,,
b1_t20_float16,nano_vllm_torch,prefill,gelu,activation,PyTorch eager CUDA,"hidden_states=[20, 512]",hidden_states=float16,"hidden_states=[512, 1]",hidden_states=256,hidden_states=256,"output=[20, 512]",0.003347156336531043,0.0034338750410825014,0.00336123828125,2,2,2,,,,,,0.006694312673062086,,,
b1_t20_float16,nano_vllm_torch,prefill,mlp_fc2,linear,PyTorch aten::linear -> cuBLAS/cuBLASLt,"hidden_states=[20, 512]; weight=[128, 512]",hidden_states=float16; weight=float16,"hidden_states=[512, 1]; weight=[512, 1]",hidden_states=256; weight=256,hidden_states=256; weight=256,"output=[20, 128]",0.008142031263560057,0.008284937590360641,0.0081634345703125,2,2,2,0,0,0,0,False,0.016284062527120113,2621440,,
b1_t20_float16,nano_vllm_torch,prefill,final_norm,normalization,PyTorch eager CUDA,"hidden_states=[20, 128]",hidden_states=float16,"hidden_states=[128, 1]",hidden_states=256,hidden_states=256,"output=[20, 128]",0.007372749969363213,0.007458624895662069,0.0073898369140625,1,1,1,,,,,,0.007372749969363213,,,
b1_t20_float16,nano_vllm_torch,prefill,lm_head,linear,PyTorch aten::linear -> cuBLAS/cuBLASLt,"hidden_states=[1, 128]; weight=[512, 128]",hidden_states=float16; weight=float16,"hidden_states=[128, 1]; weight=[128, 1]",hidden_states=256; weight=256,hidden_states=256; weight=256,"output=[1, 512]",0.005478312494233251,0.005607999861240387,0.005504295898437501,1,1,1,0,0,0,0,False,0.005478312494233251,131072,,"Prefill projects only each sequence's last token, matching nano-vLLM serving."
b1_t20_float16,nano_vllm_torch,prefill,full_prefill,full_model,PyTorch fallback mixed,"input_ids=[20]; key_cache=[1, 256, 4, 32]",input_ids=int64; key_cache=float16,"input_ids=[1]; key_cache=[32768, 128, 32, 1]",input_ids=256; key_cache=256,input_ids=256; key_cache=64,"output=[1, 512]",0.6161600053310394,0.6237199902534485,0.6173564375,1,1,1,,,,,,0.6161600053310394,,32459.10125123223,
b1_t20_float16,nano_vllm_torch,decode,embedding,lookup,PyTorch eager CUDA,"input_ids=[1]; weight=[512, 128]",input_ids=int64; weight=float16,"input_ids=[1]; weight=[128, 1]",input_ids=256; weight=256,input_ids=256; weight=256,"output=[1, 128]",0.0055505624040961266,0.0056059998460114,0.005564755859375,1,1,15,,,,,,0.0055505624040961266,,,
b1_t20_float16,nano_vllm_torch,decode,attention_norm,normalization,PyTorch eager CUDA,"hidden_states=[1, 128]",hidden_states=float16,"hidden_states=[128, 1]",hidden_states=256,hidden_states=256,"output=[1, 128]",0.007143968716263771,0.007275625132024288,0.0071590966796875,2,2,30,,,,,,0.014287937432527542,,,
b1_t20_float16,nano_vllm_torch,decode,qkv_linear,linear,PyTorch aten::linear -> cuBLAS/cuBLASLt,"hidden_states=[1, 128]; weight=[384, 128]",hidden_states=float16; weight=float16,"hidden_states=[128, 1]; weight=[128, 1]",hidden_states=256; weight=256,hidden_states=256; weight=256,"output=[1, 384]",0.00708262505941093,0.00715006235986948,0.0070968056640625,2,2,30,0,0,0,0,False,0.01416525011882186,98304,,
b1_t20_float16,nano_vllm_torch,decode,rope,position,PyTorch eager CUDA,"q_raw=[1, 4, 32]; k_raw=[1, 4, 32]; positions=[1]",q_raw=float16; k_raw=float16; positions=int64,"q_raw=[128, 32, 1]; k_raw=[128, 32, 1]; positions=[1]",q_raw=256; k_raw=256; positions=256,q_raw=64; k_raw=64; positions=256,"output.0=[1, 4, 32]; output.1=[1, 4, 32]",0.08211725205183029,0.08227100223302841,0.0822630859375,2,2,30,,,,,,0.16423450410366058,,,"Uses nano-vLLM's flattened [tokens, heads, head_dim] convention."
b1_t20_float16,nano_vllm_torch,decode,nano_paged_kv_store,kv_cache,PyTorch eager CUDA,"key=[1, 4, 32]; value=[1, 4, 32]; key_cache=[1, 256, 4, 32]; slot_mapping=[1]",key=float16; value=float16; key_cache=float16; slot_mapping=int64,"key=[128, 32, 1]; value=[128, 32, 1]; key_cache=[32768, 128, 32, 1]; slot_mapping=[1]",key=256; value=256; key_cache=256; slot_mapping=256,key=64; value=64; key_cache=64; slot_mapping=256,"output.0=[1, 256, 4, 32]; output.1=[1, 256, 4, 32]",0.007809562608599663,0.007811749819666147,0.0078235126953125,2,4,30,0,0,0,0,False,0.015619125217199326,,,PyTorch index_copy_ baseline; nano-vLLM production path replaces this with Triton.
b1_t20_float16,nano_vllm_torch,decode,nano_paged_kv_gather,kv_cache,PyTorch eager CUDA,"key_cache=[1, 256, 4, 32]; value_cache=[1, 256, 4, 32]; block_table=[1]",key_cache=float16; value_cache=float16; block_table=int32,"key_cache=[32768, 128, 32, 1]; value_cache=[32768, 128, 32, 1]; block_table=[1]",key_cache=256; value_cache=256; block_table=256,key_cache=64; value_cache=64; block_table=256,"output.0=[21, 4, 32]; output.1=[21, 4, 32]",0.01678881235420704,0.01686449907720089,0.016822396484375002,2,4,30,0,0,1,0,False,0.03357762470841408,,,One sequence's K/V pair; fallback executes this per layer and sequence.
b1_t20_float16,nano_vllm_torch,decode,qk_matmul,matmul,PyTorch aten::einsum -> bmm/cuBLAS,"query=[1, 4, 32]; key=[21, 4, 32]",query=float16; key=float16,"query=[128, 32, 1]; key=[128, 32, 1]",query=256; key=256,query=64; key=64,"output=[4, 1, 21]",0.01651956234127283,0.016807250678539276,0.01655583984375,2,2,30,0,0,1,1,False,0.03303912468254566,5376,,One sequence invocation; fallback loops over batch sequences.
b1_t20_float16,nano_vllm_torch,decode,causal_mask,elementwise,PyTorch eager CUDA,"scores=[4, 1, 21]; mask=[1, 1, 21]",scores=float32; mask=bool,"scores=[21, 21, 1]; mask=[21, 21, 1]",scores=256; mask=256,scores=4; mask=256,"output=[4, 1, 21]",0.011379655916243792,0.011761000379920006,0.011393704101562499,2,2,30,,,,,,0.022759311832487583,,,
b1_t20_float16,nano_vllm_torch,decode,softmax,reduction,PyTorch eager CUDA,"scores=[4, 1, 21]",scores=float32,"scores=[21, 21, 1]",scores=256,scores=4,"output=[4, 1, 21]",0.00781659409403801,0.007906812243163586,0.007831398437500001,2,2,30,,,,,,0.01563318818807602,,,nano-vLLM's PyTorch fallback promotes attention scores to FP32.
b1_t20_float16,nano_vllm_torch,decode,attention_value_matmul,matmul,PyTorch aten::einsum -> bmm/cuBLAS,"probabilities=[4, 1, 21]; value=[21, 4, 32]",probabilities=float16; value=float16,"probabilities=[21, 21, 1]; value=[128, 32, 1]",probabilities=256; value=256,probabilities=2; value=64,"output=[1, 4, 32]",0.00822753133252263,0.008320500142872334,0.008241721679687501,2,2,30,0,0,0,1,False,0.01645506266504526,5376,,
b1_t20_float16,nano_vllm_torch,decode,attention_output_concat,layout,PyTorch eager CUDA,"sequence_0=[1, 4, 32]",sequence_0=float16,"sequence_0=[128, 32, 1]",sequence_0=256,sequence_0=64,"output=[1, 4, 32]",0.004435500130057335,0.004445625003427267,0.004449468749999999,2,2,30,0,0,0,0,False,0.00887100026011467,,,nano-vLLM's PyTorch fallback concatenates one attention result per sequence.
b1_t20_float16,nano_vllm_torch,decode,head_merge,layout,PyTorch eager CUDA,"attention_values=[1, 4, 32]",attention_values=float16,"attention_values=[128, 32, 1]",attention_values=256,attention_values=64,"output=[1, 128]",0.00039568748616147786,0.0004002499917987734,0.0004093837890625,2,2,30,0,0,0,0,False,0.0007913749723229557,,,
b1_t20_float16,nano_vllm_torch,decode,output_projection,linear,PyTorch aten::linear -> cuBLAS/cuBLASLt,"hidden_states=[1, 128]; weight=[128, 128]",hidden_states=float16; weight=float16,"hidden_states=[128, 1]; weight=[128, 1]",hidden_states=256; weight=256,hidden_states=256; weight=256,"output=[1, 128]",0.007046968676149845,0.007074062712490559,0.007061294921875,2,2,30,0,0,0,0,False,0.01409393735229969,32768,,
b1_t20_float16,nano_vllm_torch,decode,mlp_norm,normalization,PyTorch eager CUDA,"hidden_states=[1, 128]",hidden_states=float16,"hidden_states=[128, 1]",hidden_states=256,hidden_states=256,"output=[1, 128]",0.007199062500149012,0.007238749880343676,0.007213170898437499,2,2,30,,,,,,0.014398125000298023,,,
b1_t20_float16,nano_vllm_torch,decode,mlp_fc1,linear,PyTorch aten::linear -> cuBLAS/cuBLASLt,"hidden_states=[1, 128]; weight=[512, 128]",hidden_states=float16; weight=float16,"hidden_states=[128, 1]; weight=[128, 1]",hidden_states=256; weight=256,hidden_states=256; weight=256,"output=[1, 512]",0.007809156319126487,0.007840249687433243,0.007823375976562501,2,2,30,0,0,0,0,False,0.015618312638252974,131072,,
b1_t20_float16,nano_vllm_torch,decode,gelu,activation,PyTorch eager CUDA,"hidden_states=[1, 512]",hidden_states=float16,"hidden_states=[512, 1]",hidden_states=256,hidden_states=256,"output=[1, 512]",0.003368093748576939,0.00338787492364645,0.0033826152343749997,2,2,30,,,,,,0.006736187497153878,,,
b1_t20_float16,nano_vllm_torch,decode,mlp_fc2,linear,PyTorch aten::linear -> cuBLAS/cuBLASLt,"hidden_states=[1, 512]; weight=[128, 512]",hidden_states=float16; weight=float16,"hidden_states=[512, 1]; weight=[512, 1]",hidden_states=256; weight=256,hidden_states=256; weight=256,"output=[1, 128]",0.007809812668710947,0.007817687466740608,0.0078236318359375,2,2,30,0,0,0,0,False,0.015619625337421894,131072,,
b1_t20_float16,nano_vllm_torch,decode,final_norm,normalization,PyTorch eager CUDA,"hidden_states=[1, 128]",hidden_states=float16,"hidden_states=[128, 1]",hidden_states=256,hidden_states=256,"output=[1, 128]",0.007253656163811684,0.007275499869138002,0.0072678896484374995,1,1,15,,,,,,0.007253656163811684,,,
b1_t20_float16,nano_vllm_torch,decode,lm_head,linear,PyTorch aten::linear -> cuBLAS/cuBLASLt,"hidden_states=[1, 128]; weight=[512, 128]",hidden_states=float16; weight=float16,"hidden_states=[128, 1]; weight=[128, 1]",hidden_states=256; weight=256,hidden_states=256; weight=256,"output=[1, 512]",0.005477687576785684,0.005592562723904848,0.0054970673828125,1,1,15,0,0,0,0,False,0.005477687576785684,131072,,"Prefill projects only each sequence's last token, matching nano-vLLM serving."
b1_t20_float16,nano_vllm_torch,decode,full_decode_step,full_model,PyTorch fallback mixed,"input_ids=[1]; key_cache=[1, 256, 4, 32]",input_ids=int64; key_cache=float16,"input_ids=[1]; key_cache=[32768, 128, 32, 1]",input_ids=256; key_cache=256,input_ids=256; key_cache=64,"output=[1, 512]",0.5810240209102631,0.5910080075263977,0.5827114375,1,1,15,,,,,,0.5810240209102631,,1721.0992386052249,
b8_t20_float16,minillm,prefill,embedding,lookup,PyTorch eager CUDA,"input_ids=[8, 20]; weight=[512, 128]",input_ids=int64; weight=float16,"input_ids=[20, 1]; weight=[128, 1]",input_ids=256; weight=256,input_ids=32; weight=256,"output=[8, 20, 128]",0.007426749914884567,0.007510750088840723,0.007442494140625,1,1,1,,,,,,0.007426749914884567,,,
b8_t20_float16,minillm,prefill,attention_norm,normalization,PyTorch eager CUDA,"hidden_states=[8, 20, 128]",hidden_states=float16,"hidden_states=[2560, 128, 1]",hidden_states=256,hidden_states=256,"output=[8, 20, 128]",0.007254374912008643,0.007278687320649624,0.007269806640624999,2,2,2,,,,,,0.014508749824017286,,,
b8_t20_float16,minillm,prefill,qkv_linear,linear,PyTorch aten::linear -> cuBLAS/cuBLASLt,"hidden_states=[8, 20, 128]; weight=[384, 128]",hidden_states=float16; weight=float16,"hidden_states=[2560, 128, 1]; weight=[128, 1]",hidden_states=256; weight=256,hidden_states=256; weight=256,"output=[8, 20, 384]",0.007655843859538436,0.007715499959886074,0.0076752880859375,2,2,2,0,0,0,0,False,0.015311687719076872,15728640,,
b8_t20_float16,minillm,prefill,rope,position,PyTorch eager CUDA,"q_raw=[8, 4, 20, 32]; k_raw=[8, 4, 20, 32]; positions=[20]",q_raw=float16; k_raw=float16; positions=int64,"q_raw=[7680, 32, 384, 1]; k_raw=[7680, 32, 384, 1]; positions=[1]",q_raw=256; k_raw=256; positions=256,q_raw=64; k_raw=64; positions=256,"output.0=[8, 4, 20, 32]; output.1=[8, 4, 20, 32]",0.10580950230360031,0.11146300286054611,0.106095453125,2,2,2,,,,,,0.21161900460720062,,,RoPE converts the strided fused-QKV views into contiguous Q/K tensors.
b8_t20_float16,minillm,prefill,qk_matmul,matmul,PyTorch aten::matmul/bmm -> cuBLAS,"query=[8, 4, 20, 32]; key=[8, 4, 20, 32]",query=float16; key=float16,"query=[2560, 640, 32, 1]; key=[2560, 640, 32, 1]",query=256; key=256,query=64; key=64,"output=[8, 4, 20, 20]",0.010416281409561634,0.010525999590754509,0.010430047851562499,2,2,2,0,0,0,1,False,0.020832562819123268,819200,,
b8_t20_float16,minillm,prefill,causal_mask,elementwise,PyTorch eager CUDA,"scores=[8, 4, 20, 20]; mask=[1, 1, 20, 20]",scores=float16; mask=float16,"scores=[1600, 400, 20, 1]; mask=[16384, 16384, 128, 1]",scores=256; mask=256,scores=8; mask=256,"output=[8, 4, 20, 20]",0.011763687245547771,0.012281499803066254,0.011791693359375001,2,2,2,,,,,,0.023527374491095543,,,
b8_t20_float16,minillm,prefill,softmax,reduction,PyTorch eager CUDA,"scores=[8, 4, 20, 20]",scores=float16,"scores=[1600, 400, 20, 1]",scores=256,scores=8,"output=[8, 4, 20, 20]",0.0038657187251374125,0.003888062434270978,0.00387955078125,2,2,2,,,,,,0.007731437450274825,,,
b8_t20_float16,minillm,prefill,attention_value_matmul,matmul,PyTorch aten::matmul/bmm -> cuBLAS,"probabilities=[8, 4, 20, 20]; value=[8, 4, 20, 32]",probabilities=float16; value=float16,"probabilities=[1600, 400, 20, 1]; value=[7680, 32, 384, 1]",probabilities=256; value=256,probabilities=8; value=64,"output=[8, 4, 20, 32]",0.00977628119289875,0.00989218708127737,0.009793838867187502,2,2,2,1,0,1,1,True,0.0195525623857975,819200,,
b8_t20_float16,minillm,prefill,head_merge,layout,PyTorch eager CUDA,"attention_values=[8, 4, 20, 32]",attention_values=float16,"attention_values=[2560, 640, 32, 1]",attention_values=256,attention_values=64,"output=[8, 20, 128]",0.005233531352132559,0.005245437379926443,0.0052471923828125,2,2,2,1,1,1,0,True,0.010467062704265118,,,
b8_t20_float16,minillm,prefill,output_projection,linear,PyTorch aten::linear -> cuBLAS/cuBLASLt,"hidden_states=[8, 20, 128]; weight=[128, 128]",hidden_states=float16; weight=float16,"hidden_states=[2560, 128, 1]; weight=[128, 1]",hidden_states=256; weight=256,hidden_states=256; weight=256,"output=[8, 20, 128]",0.007484437432140112,0.007505562622100115,0.0075003427734375,2,2,2,0,0,0,0,False,0.014968874864280224,5242880,,
b8_t20_float16,minillm,prefill,mlp_norm,normalization,PyTorch eager CUDA,"hidden_states=[8, 20, 128]",hidden_states=float16,"hidden_states=[2560, 128, 1]",hidden_states=256,hidden_states=256,"output=[8, 20, 128]",0.007280031219124794,0.007301437668502331,0.00729405078125,2,2,2,,,,,,0.014560062438249588,,,
b8_t20_float16,minillm,prefill,mlp_fc1,linear,PyTorch aten::linear -> cuBLAS/cuBLASLt,"hidden_states=[8, 20, 128]; weight=[512, 128]",hidden_states=float16; weight=float16,"hidden_states=[2560, 128, 1]; weight=[128, 1]",hidden_states=256; weight=256,hidden_states=256; weight=256,"output=[8, 20, 512]",0.008166156243532896,0.008187375031411648,0.008180068359375,2,2,2,0,0,0,0,False,0.016332312487065792,20971520,,
b8_t20_float16,minillm,prefill,gelu,activation,PyTorch eager CUDA,"hidden_states=[8, 20, 512]",hidden_states=float16,"hidden_states=[10240, 512, 1]",hidden_states=256,hidden_states=256,"output=[8, 20, 512]",0.003416718798689544,0.003440812462940812,0.0034305361328125002,2,2,2,,,,,,0.006833437597379088,,,
b8_t20_float16,minillm,prefill,mlp_fc2,linear,PyTorch aten::linear -> cuBLAS/cuBLASLt,"hidden_states=[8, 20, 512]; weight=[128, 512]",hidden_states=float16; weight=float16,"hidden_states=[10240, 512, 1]; weight=[512, 1]",hidden_states=256; weight=256,hidden_states=256; weight=256,"output=[8, 20, 128]",0.008226905949413776,0.008242437615990639,0.008240490234375,2,2,2,0,0,0,0,False,0.016453811898827553,20971520,,
b8_t20_float16,minillm,prefill,final_norm,normalization,PyTorch eager CUDA,"hidden_states=[8, 20, 128]",hidden_states=float16,"hidden_states=[2560, 128, 1]",hidden_states=256,hidden_states=256,"output=[8, 20, 128]",0.007259218720719218,0.007346312515437603,0.007273105468750001,1,1,1,,,,,,0.007259218720719218,,,
b8_t20_float16,minillm,prefill,lm_head,linear,PyTorch aten::linear -> cuBLAS/cuBLASLt,"hidden_states=[8, 20, 128]; weight=[512, 128]",hidden_states=float16; weight=float16,"hidden_states=[2560, 128, 1]; weight=[128, 1]",hidden_states=256; weight=256,hidden_states=256; weight=256,"output=[8, 20, 512]",0.00595899997279048,0.0059891873970627785,0.0059763837890625,1,1,1,0,0,0,0,False,0.00595899997279048,20971520,,
b8_t20_float16,minillm,prefill,full_prefill,full_model,PyTorch eager mixed,"input_ids=[8, 20]",input_ids=int64,"input_ids=[20, 1]",input_ids=256,input_ids=32,"output=[8, 20, 512]",0.5545520186424255,0.5718039870262146,0.5556481875,1,1,1,,,,,,0.5545520186424255,,288521.1749687414,
b8_t20_float16,minillm,decode,embedding,lookup,PyTorch eager CUDA,"input_ids=[8, 1]; weight=[512, 128]",input_ids=int64; weight=float16,"input_ids=[1, 1]; weight=[128, 1]",input_ids=256; weight=256,input_ids=8; weight=256,"output=[8, 1, 128]",0.005850687390193343,0.005865062586963177,0.0058644921875000006,1,1,15,,,,,,0.005850687390193343,,,
b8_t20_float16,minillm,decode,attention_norm,normalization,PyTorch eager CUDA,"hidden_states=[8, 1, 128]",hidden_states=float16,"hidden_states=[128, 128, 1]",hidden_states=256,hidden_states=256,"output=[8, 1, 128]",0.007248125039041042,0.007261562626808882,0.007262216796875,2,2,30,,,,,,0.014496250078082085,,,
b8_t20_float16,minillm,decode,qkv_linear,linear,PyTorch aten::linear -> cuBLAS/cuBLASLt,"hidden_states=[8, 1, 128]; weight=[384, 128]",hidden_states=float16; weight=float16,"hidden_states=[128, 128, 1]; weight=[128, 1]",hidden_states=256; weight=256,hidden_states=256; weight=256,"output=[8, 1, 384]",0.007606906117871404,0.007702124770730734,0.0076206103515624995,2,2,30,0,0,0,0,False,0.015213812235742807,786432,,
b8_t20_float16,minillm,decode,rope,position,PyTorch eager CUDA,"q_raw=[8, 4, 1, 32]; k_raw=[8, 4, 1, 32]; positions=[1]",q_raw=float16; k_raw=float16; positions=int64,"q_raw=[384, 32, 128, 1]; k_raw=[384, 32, 128, 1]; positions=[1]",q_raw=256; k_raw=256; positions=256,q_raw=64; k_raw=64; positions=256,"output.0=[8, 4, 1, 32]; output.1=[8, 4, 1, 32]",0.09937049821019173,0.1008559986948967,0.09960371875,2,2,30,,,,,,0.19874099642038345,,,RoPE converts the strided fused-QKV views into contiguous Q/K tensors.
b8_t20_float16,minillm,decode,native_kv_concat,kv_cache,PyTorch eager CUDA,"past_key=[8, 4, 20, 32]; new_key=[8, 4, 1, 32]; past_value=[8, 4, 20, 32]; new_value=[8, 4, 1, 32]",past_key=float16; new_key=float16; past_value=float16; new_value=float16,"past_key=[2560, 640, 32, 1]; new_key=[128, 32, 32, 1]; past_value=[7680, 32, 384, 1]; new_value=[384, 32, 128, 1]",past_key=256; new_key=256; past_value=256; new_value=256,past_key=64; new_key=64; past_value=64; new_value=64,"output.0=[8, 4, 21, 32]; output.1=[8, 4, 21, 32]",0.008129000198096037,0.008287312462925911,0.0081433623046875,2,4,30,0,0,0,0,False,0.016258000396192074,,,The teaching cache reallocates and copies both complete K and V histories each step.
b8_t20_float16,minillm,decode,qk_matmul,matmul,PyTorch aten::matmul/bmm -> cuBLAS,"query=[8, 4, 1, 32]; key=[8, 4, 21, 32]",query=float16; key=float16,"query=[128, 32, 32, 1]; key=[2688, 672, 32, 1]",query=256; key=256,query=64; key=64,"output=[8, 4, 1, 21]",0.010183750186115503,0.01032281294465065,0.0101984306640625,2,2,30,0,0,0,1,False,0.020367500372231007,43008,,
b8_t20_float16,minillm,decode,causal_mask,elementwise,PyTorch eager CUDA,"scores=[8, 4, 1, 21]; mask=[1, 1, 1, 21]",scores=float16; mask=float16,"scores=[84, 21, 21, 1]; mask=[16384, 16384, 128, 1]",scores=256; mask=256,scores=2; mask=256,"output=[8, 4, 1, 21]",0.011721125338226557,0.012185624800622463,0.011760033203124999,2,2,30,,,,,,0.023442250676453114,,,
b8_t20_float16,minillm,decode,softmax,reduction,PyTorch eager CUDA,"scores=[8, 4, 1, 21]",scores=float16,"scores=[84, 21, 21, 1]",scores=256,scores=2,"output=[8, 4, 1, 21]",0.0038982188561931252,0.00393362483009696,0.0039130205078125,2,2,30,,,,,,0.0077964377123862505,,,
b8_t20_float16,minillm,decode,attention_value_matmul,matmul,PyTorch aten::matmul/bmm -> cuBLAS,"probabilities=[8, 4, 1, 21]; value=[8, 4, 21, 32]",probabilities=float16; value=float16,"probabilities=[84, 21, 21, 1]; value=[2688, 672, 32, 1]",probabilities=256; value=256,probabilities=2; value=64,"output=[8, 4, 1, 32]",0.005361500196158886,0.005444687325507402,0.0053768515625,2,2,30,0,0,0,1,False,0.010723000392317772,43008,,
b8_t20_float16,minillm,decode,head_merge,layout,PyTorch eager CUDA,"attention_values=[8, 4, 1, 32]",attention_values=float16,"attention_values=[128, 32, 32, 1]",attention_values=256,attention_values=64,"output=[8, 1, 128]",0.0008902499976102263,0.001004750025458634,0.000904419921875,2,2,30,0,0,0,0,False,0.0017804999952204525,,,
b8_t20_float16,minillm,decode,output_projection,linear,PyTorch aten::linear -> cuBLAS/cuBLASLt,"hidden_states=[8, 1, 128]; weight=[128, 128]",hidden_states=float16; weight=float16,"hidden_states=[128, 128, 1]; weight=[128, 1]",hidden_states=256; weight=256,hidden_states=256; weight=256,"output=[8, 1, 128]",0.007492000004276633,0.007510312367230654,0.0075059501953125,2,2,30,0,0,0,0,False,0.014984000008553267,262144,,
b8_t20_float16,minillm,decode,mlp_norm,normalization,PyTorch eager CUDA,"hidden_states=[8, 1, 128]",hidden_states=float16,"hidden_states=[128, 128, 1]",hidden_states=256,hidden_states=256,"output=[8, 1, 128]",0.007222812389954925,0.007244125008583069,0.0072362529296875,2,2,30,,,,,,0.01444562477990985,,,
b8_t20_float16,minillm,decode,mlp_fc1,linear,PyTorch aten::linear -> cuBLAS/cuBLASLt,"hidden_states=[8, 1, 128]; weight=[512, 128]",hidden_states=float16; weight=float16,"hidden_states=[128, 128, 1]; weight=[128, 1]",hidden_states=256; weight=256,hidden_states=256; weight=256,"output=[8, 1, 512]",0.008217750117182732,0.008233750239014626,0.008231658203124999,2,2,30,0,0,0,0,False,0.016435500234365463,1048576,,
b8_t20_float16,minillm,decode,gelu,activation,PyTorch eager CUDA,"hidden_states=[8, 1, 512]",hidden_states=float16,"hidden_states=[512, 512, 1]",hidden_states=256,hidden_states=256,"output=[8, 1, 512]",0.0033400000538676977,0.0033483749721199274,0.0033540302734375,2,2,30,,,,,,0.006680000107735395,,,
b8_t20_float16,minillm,decode,mlp_fc2,linear,PyTorch aten::linear -> cuBLAS/cuBLASLt,"hidden_states=[8, 1, 512]; weight=[128, 512]",hidden_states=float16; weight=float16,"hidden_states=[512, 512, 1]; weight=[512, 1]",hidden_states=256; weight=256,hidden_states=256; weight=256,"output=[8, 1, 128]",0.008147499989718199,0.008188187144696712,0.0081613154296875,2,2,30,0,0,0,0,False,0.016294999979436398,1048576,,
b8_t20_float16,minillm,decode,final_norm,normalization,PyTorch eager CUDA,"hidden_states=[8, 1, 128]",hidden_states=float16,"hidden_states=[128, 128, 1]",hidden_states=256,hidden_states=256,"output=[8, 1, 128]",0.007289281114935875,0.0072997501119971275,0.0073030439453125,1,1,15,,,,,,0.007289281114935875,,,
b8_t20_float16,minillm,decode,lm_head,linear,PyTorch aten::linear -> cuBLAS/cuBLASLt,"hidden_states=[8, 1, 128]; weight=[512, 128]",hidden_states=float16; weight=float16,"hidden_states=[128, 128, 1]; weight=[128, 1]",hidden_states=256; weight=256,hidden_states=256; weight=256,"output=[8, 1, 512]",0.00595390610396862,0.005974437575787306,0.0059676767578125,1,1,15,0,0,0,0,False,0.00595390610396862,1048576,,
b8_t20_float16,minillm,decode,full_decode_step,full_model,PyTorch eager mixed,"input_ids=[8, 1]; past_key=[8, 4, 20, 32]",input_ids=int64; past_key=float16,"input_ids=[1, 1]; past_key=[2560, 640, 32, 1]",input_ids=256; past_key=256,input_ids=8; past_key=64,"output=[8, 1, 512]",0.5260019898414612,0.5307239890098572,0.5271635625,1,1,15,,,,,,0.5260019898414612,,15209.067939859367,
b8_t20_float16,nano_vllm_torch,prefill,embedding,lookup,PyTorch eager CUDA,"input_ids=[160]; weight=[512, 128]",input_ids=int64; weight=float16,"input_ids=[1]; weight=[128, 1]",input_ids=256; weight=256,input_ids=256; weight=256,"output=[160, 128]",0.007094531087204814,0.007125124800950289,0.007109236328125,1,1,1,,,,,,0.007094531087204814,,,
b8_t20_float16,nano_vllm_torch,prefill,attention_norm,normalization,PyTorch eager CUDA,"hidden_states=[160, 128]",hidden_states=float16,"hidden_states=[128, 1]",hidden_states=256,hidden_states=256,"output=[160, 128]",0.00721393758431077,0.007279937621206045,0.0072367333984375,2,2,2,,,,,,0.01442787516862154,,,
b8_t20_float16,nano_vllm_torch,prefill,qkv_linear,linear,PyTorch aten::linear -> cuBLAS/cuBLASLt,"hidden_states=[160, 128]; weight=[384, 128]",hidden_states=float16; weight=float16,"hidden_states=[128, 1]; weight=[128, 1]",hidden_states=256; weight=256,hidden_states=256; weight=256,"output=[160, 384]",0.00740709388628602,0.0074395001865923405,0.007420904296875,2,2,2,0,0,0,0,False,0.01481418777257204,15728640,,
b8_t20_float16,nano_vllm_torch,prefill,rope,position,PyTorch eager CUDA,"q_raw=[160, 4, 32]; k_raw=[160, 4, 32]; positions=[160]",q_raw=float16; k_raw=float16; positions=int64,"q_raw=[384, 32, 1]; k_raw=[384, 32, 1]; positions=[1]",q_raw=256; k_raw=256; positions=256,q_raw=64; k_raw=64; positions=256,"output.0=[160, 4, 32]; output.1=[160, 4, 32]",0.08599425107240677,0.08624300360679626,0.0861075078125,2,2,2,,,,,,0.17198850214481354,,,"Uses nano-vLLM's flattened [tokens, heads, head_dim] convention."
b8_t20_float16,nano_vllm_torch,prefill,nano_paged_kv_store,kv_cache,PyTorch eager CUDA,"key=[160, 4, 32]; value=[160, 4, 32]; key_cache=[8, 256, 4, 32]; slot_mapping=[160]",key=float16; value=float16; key_cache=float16; slot_mapping=int64,"key=[128, 32, 1]; value=[384, 32, 1]; key_cache=[32768, 128, 32, 1]; slot_mapping=[1]",key=256; value=256; key_cache=256; slot_mapping=256,key=64; value=64; key_cache=64; slot_mapping=256,"output.0=[8, 256, 4, 32]; output.1=[8, 256, 4, 32]",0.007809593807905912,0.008028999902307987,0.007823244140625001,2,4,2,0,0,0,0,False,0.015619187615811825,,,PyTorch index_copy_ baseline; nano-vLLM production path replaces this with Triton.
b8_t20_float16,nano_vllm_torch,prefill,qk_matmul,matmul,PyTorch aten::einsum -> bmm/cuBLAS,"query=[20, 4, 32]; key=[20, 4, 32]",query=float16; key=float16,"query=[128, 32, 1]; key=[128, 32, 1]",query=256; key=256,query=64; key=64,"output=[4, 20, 20]",0.01733268704265356,0.01736687496304512,0.01736278125,16,16,16,0,0,1,1,False,0.27732299268245697,102400,,One sequence invocation; fallback loops over batch sequences.
b8_t20_float16,nano_vllm_torch,prefill,causal_mask,elementwise,PyTorch eager CUDA,"scores=[4, 20, 20]; mask=[1, 20, 20]",scores=float32; mask=bool,"scores=[400, 20, 1]; mask=[400, 20, 1]",scores=256; mask=256,scores=16; mask=4,"output=[4, 20, 20]",0.011605093721300364,0.011736249551177025,0.01161971484375,16,16,16,,,,,,0.18568149954080582,,,
b8_t20_float16,nano_vllm_torch,prefill,softmax,reduction,PyTorch eager CUDA,"scores=[4, 20, 20]",scores=float32,"scores=[400, 20, 1]",scores=256,scores=16,"output=[4, 20, 20]",0.007821500301361084,0.007834812626242638,0.0078357158203125,16,16,16,,,,,,0.12514400482177734,,,nano-vLLM's PyTorch fallback promotes attention scores to FP32.
b8_t20_float16,nano_vllm_torch,prefill,attention_value_matmul,matmul,PyTorch aten::einsum -> bmm/cuBLAS,"probabilities=[4, 20, 20]; value=[20, 4, 32]",probabilities=float16; value=float16,"probabilities=[400, 20, 1]; value=[384, 32, 1]",probabilities=256; value=256,probabilities=8; value=64,"output=[20, 4, 32]",0.00866812514141202,0.008705874904990196,0.008681762695312501,16,16,16,0,0,0,1,False,0.13869000226259232,102400,,
b8_t20_float16,nano_vllm_torch,prefill,attention_output_concat,layout,PyTorch eager CUDA,"sequence_0=[20, 4, 32]; sequence_1=[20, 4, 32]; sequence_2=[20, 4, 32]; sequence_3=[20, 4, 32]; sequence_4=[20, 4, 32]; sequence_5=[20, 4, 32]; sequence_6=[20, 4, 32]; sequence_7=[20, 4, 32]",sequence_0=float16; sequence_1=float16; sequence_2=float16; sequence_3=float16; sequence_4=float16; sequence_5=float16; sequence_6=float16; sequence_7=float16,"sequence_0=[32, 640, 1]; sequence_1=[32, 640, 1]; sequence_2=[32, 640, 1]; sequence_3=[32, 640, 1]; sequence_4=[32, 640, 1]; sequence_5=[32, 640, 1]; sequence_6=[32, 640, 1]; sequence_7=[32, 640, 1]",sequence_0=256; sequence_1=256; sequence_2=256; sequence_3=256; sequence_4=256; sequence_5=256; sequence_6=256; sequence_7=256,sequence_0=64; sequence_1=64; sequence_2=64; sequence_3=64; sequence_4=64; sequence_5=64; sequence_6=64; sequence_7=64,"output=[160, 4, 32]",0.004468468716368079,0.004484000150114298,0.0044820009765625,2,2,2,0,0,0,0,False,0.008936937432736158,,,nano-vLLM's PyTorch fallback concatenates one attention result per sequence.
b8_t20_float16,nano_vllm_torch,prefill,head_merge,layout,PyTorch eager CUDA,"attention_values=[160, 4, 32]",attention_values=float16,"attention_values=[128, 32, 1]",attention_values=256,attention_values=64,"output=[160, 128]",0.00039846875006332994,0.0004020000051241368,0.0004123388671875,2,2,2,0,0,0,0,False,0.0007969375001266599,,,
b8_t20_float16,nano_vllm_torch,prefill,output_projection,linear,PyTorch aten::linear -> cuBLAS/cuBLASLt,"hidden_states=[160, 128]; weight=[128, 128]",hidden_states=float16; weight=float16,"hidden_states=[128, 1]; weight=[128, 1]",hidden_states=256; weight=256,hidden_states=256; weight=256,"output=[160, 128]",0.007409874815493822,0.007417750079184771,0.0074240458984375,2,2,2,0,0,0,0,False,0.014819749630987644,5242880,,
b8_t20_float16,nano_vllm_torch,prefill,mlp_norm,normalization,PyTorch eager CUDA,"hidden_states=[160, 128]",hidden_states=float16,"hidden_states=[128, 1]",hidden_states=256,hidden_states=256,"output=[160, 128]",0.007227062480524182,0.0072578126564621925,0.0072430634765625005,2,2,2,,,,,,0.014454124961048365,,,
b8_t20_float16,nano_vllm_torch,prefill,mlp_fc1,linear,PyTorch aten::linear -> cuBLAS/cuBLASLt,"hidden_states=[160, 128]; weight=[512, 128]",hidden_states=float16; weight=float16,"hidden_states=[128, 1]; weight=[128, 1]",hidden_states=256; weight=256,hidden_states=256; weight=256,"output=[160, 512]",0.008019250351935625,0.00806950032711029,0.008032803710937501,2,2,2,0,0,0,0,False,0.01603850070387125,20971520,,
b8_t20_float16,nano_vllm_torch,prefill,gelu,activation,PyTorch eager CUDA,"hidden_states=[160, 512]",hidden_states=float16,"hidden_states=[512, 1]",hidden_states=256,hidden_states=256,"output=[160, 512]",0.0034312186762690544,0.0034426250495016575,0.0034449462890625,2,2,2,,,,,,0.006862437352538109,,,
b8_t20_float16,nano_vllm_torch,prefill,mlp_fc2,linear,PyTorch aten::linear -> cuBLAS/cuBLASLt,"hidden_states=[160, 512]; weight=[128, 512]",hidden_states=float16; weight=float16,"hidden_states=[512, 1]; weight=[512, 1]",hidden_states=256; weight=256,hidden_states=256; weight=256,"output=[160, 128]",0.008083031512796879,0.008202999830245972,0.008098605468749999,2,2,2,0,0,0,0,False,0.016166063025593758,20971520,,
b8_t20_float16,nano_vllm_torch,prefill,final_norm,normalization,PyTorch eager CUDA,"hidden_states=[160, 128]",hidden_states=float16,"hidden_states=[128, 1]",hidden_states=256,hidden_states=256,"output=[160, 128]",0.007354999892413616,0.0073778750374913216,0.007368525390625,1,1,1,,,,,,0.007354999892413616,,,
b8_t20_float16,nano_vllm_torch,prefill,lm_head,linear,PyTorch aten::linear -> cuBLAS/cuBLASLt,"hidden_states=[8, 128]; weight=[512, 128]",hidden_states=float16; weight=float16,"hidden_states=[128, 1]; weight=[128, 1]",hidden_states=256; weight=256,hidden_states=256; weight=256,"output=[8, 512]",0.005849437555298209,0.005865687504410744,0.0058631044921875,1,1,1,0,0,0,0,False,0.005849437555298209,1048576,,"Prefill projects only each sequence's last token, matching nano-vLLM serving."
b8_t20_float16,nano_vllm_torch,prefill,full_prefill,full_model,PyTorch fallback mixed,"input_ids=[160]; key_cache=[8, 256, 4, 32]",input_ids=int64; key_cache=float16,"input_ids=[1]; key_cache=[32768, 128, 32, 1]",input_ids=256; key_cache=256,input_ids=256; key_cache=64,"output=[8, 512]",1.5994479656219482,1.619663953781128,1.603964,1,1,1,,,,,,1.5994479656219482,,100034.51405671939,
b8_t20_float16,nano_vllm_torch,decode,embedding,lookup,PyTorch eager CUDA,"input_ids=[8]; weight=[512, 128]",input_ids=int64; weight=float16,"input_ids=[1]; weight=[128, 1]",input_ids=256; weight=256,input_ids=256; weight=256,"output=[8, 128]",0.005604312522336841,0.005619749892503023,0.005618239257812499,1,1,15,,,,,,0.005604312522336841,,,
b8_t20_float16,nano_vllm_torch,decode,attention_norm,normalization,PyTorch eager CUDA,"hidden_states=[8, 128]",hidden_states=float16,"hidden_states=[128, 1]",hidden_states=256,hidden_states=256,"output=[8, 128]",0.00721459393389523,0.007244125008583069,0.0072320771484375,2,2,30,,,,,,0.01442918786779046,,,
b8_t20_float16,nano_vllm_torch,decode,qkv_linear,linear,PyTorch aten::linear -> cuBLAS/cuBLASLt,"hidden_states=[8, 128]; weight=[384, 128]",hidden_states=float16; weight=float16,"hidden_states=[128, 1]; weight=[128, 1]",hidden_states=256; weight=256,hidden_states=256; weight=256,"output=[8, 384]",0.007447406183928251,0.007470000069588423,0.007464520507812499,2,2,30,0,0,0,0,False,0.014894812367856503,786432,,
b8_t20_float16,nano_vllm_torch,decode,rope,position,PyTorch eager CUDA,"q_raw=[8, 4, 32]; k_raw=[8, 4, 32]; positions=[8]",q_raw=float16; k_raw=float16; positions=int64,"q_raw=[384, 32, 1]; k_raw=[384, 32, 1]; positions=[1]",q_raw=256; k_raw=256; positions=256,q_raw=64; k_raw=64; positions=256,"output.0=[8, 4, 32]; output.1=[8, 4, 32]",0.08350975066423416,0.08473850041627884,0.08362247656249999,2,2,30,,,,,,0.16701950132846832,,,"Uses nano-vLLM's flattened [tokens, heads, head_dim] convention."
b8_t20_float16,nano_vllm_torch,decode,nano_paged_kv_store,kv_cache,PyTorch eager CUDA,"key=[8, 4, 32]; value=[8, 4, 32]; key_cache=[8, 256, 4, 32]; slot_mapping=[8]",key=float16; value=float16; key_cache=float16; slot_mapping=int64,"key=[128, 32, 1]; value=[384, 32, 1]; key_cache=[32768, 128, 32, 1]; slot_mapping=[1]",key=256; value=256; key_cache=256; slot_mapping=256,key=64; value=64; key_cache=64; slot_mapping=256,"output.0=[8, 256, 4, 32]; output.1=[8, 256, 4, 32]",0.007810031296685338,0.007954374887049198,0.007823539062499999,2,4,30,0,0,0,0,False,0.015620062593370676,,,PyTorch index_copy_ baseline; nano-vLLM production path replaces this with Triton.
b8_t20_float16,nano_vllm_torch,decode,nano_paged_kv_gather,kv_cache,PyTorch eager CUDA,"key_cache=[8, 256, 4, 32]; value_cache=[8, 256, 4, 32]; block_table=[1]",key_cache=float16; value_cache=float16; block_table=int32,"key_cache=[32768, 128, 32, 1]; value_cache=[32768, 128, 32, 1]; block_table=[1]",key_cache=256; value_cache=256; block_table=256,key_cache=64; value_cache=64; block_table=256,"output.0=[21, 4, 32]; output.1=[21, 4, 32]",0.016664312221109867,0.016791874542832375,0.016693013671875,16,32,240,0,0,1,0,False,0.2666289955377579,,,One sequence's K/V pair; fallback executes this per layer and sequence.
b8_t20_float16,nano_vllm_torch,decode,qk_matmul,matmul,PyTorch aten::einsum -> bmm/cuBLAS,"query=[1, 4, 32]; key=[21, 4, 32]",query=float16; key=float16,"query=[128, 32, 1]; key=[128, 32, 1]",query=256; key=256,query=64; key=64,"output=[4, 1, 21]",0.016606499440968037,0.01691325008869171,0.016638951171875,16,16,240,0,0,1,1,False,0.2657039910554886,5376,,One sequence invocation; fallback loops over batch sequences.
b8_t20_float16,nano_vllm_torch,decode,causal_mask,elementwise,PyTorch eager CUDA,"scores=[4, 1, 21]; mask=[1, 1, 21]",scores=float32; mask=bool,"scores=[21, 21, 1]; mask=[21, 21, 1]",scores=256; mask=256,scores=4; mask=256,"output=[4, 1, 21]",0.011338187381625175,0.011442062444984913,0.011352457031249999,16,16,240,,,,,,0.1814109981060028,,,
b8_t20_float16,nano_vllm_torch,decode,softmax,reduction,PyTorch eager CUDA,"scores=[4, 1, 21]",scores=float32,"scores=[21, 21, 1]",scores=256,scores=4,"output=[4, 1, 21]",0.007811874849721789,0.007913312874734402,0.00782972265625,16,16,240,,,,,,0.12498999759554863,,,nano-vLLM's PyTorch fallback promotes attention scores to FP32.
b8_t20_float16,nano_vllm_torch,decode,attention_value_matmul,matmul,PyTorch aten::einsum -> bmm/cuBLAS,"probabilities=[4, 1, 21]; value=[21, 4, 32]",probabilities=float16; value=float16,"probabilities=[21, 21, 1]; value=[128, 32, 1]",probabilities=256; value=256,probabilities=2; value=64,"output=[1, 4, 32]",0.00827443739399314,0.008381687104701996,0.0082885224609375,16,16,240,0,0,0,1,False,0.13239099830389023,5376,,
b8_t20_float16,nano_vllm_torch,decode,attention_output_concat,layout,PyTorch eager CUDA,"sequence_0=[1, 4, 32]; sequence_1=[1, 4, 32]; sequence_2=[1, 4, 32]; sequence_3=[1, 4, 32]; sequence_4=[1, 4, 32]; sequence_5=[1, 4, 32]; sequence_6=[1, 4, 32]; sequence_7=[1, 4, 32]",sequence_0=float16; sequence_1=float16; sequence_2=float16; sequence_3=float16; sequence_4=float16; sequence_5=float16; sequence_6=float16; sequence_7=float16,"sequence_0=[128, 32, 1]; sequence_1=[128, 32, 1]; sequence_2=[128, 32, 1]; sequence_3=[128, 32, 1]; sequence_4=[128, 32, 1]; sequence_5=[128, 32, 1]; sequence_6=[128, 32, 1]; sequence_7=[128, 32, 1]",sequence_0=256; sequence_1=256; sequence_2=256; sequence_3=256; sequence_4=256; sequence_5=256; sequence_6=256; sequence_7=256,sequence_0=64; sequence_1=64; sequence_2=64; sequence_3=64; sequence_4=64; sequence_5=64; sequence_6=64; sequence_7=64,"output=[8, 4, 32]",0.004359156126156449,0.004402312450110912,0.0043736513671875,2,2,30,0,0,0,0,False,0.008718312252312899,,,nano-vLLM's PyTorch fallback concatenates one attention result per sequence.
b8_t20_float16,nano_vllm_torch,decode,head_merge,layout,PyTorch eager CUDA,"attention_values=[8, 4, 32]",attention_values=float16,"attention_values=[128, 32, 1]",attention_values=256,attention_values=64,"output=[8, 128]",0.0003942812472814694,0.00039724999805912375,0.00040802343749999997,2,2,30,0,0,0,0,False,0.0007885624945629388,,,
b8_t20_float16,nano_vllm_torch,decode,output_projection,linear,PyTorch aten::linear -> cuBLAS/cuBLASLt,"hidden_states=[8, 128]; weight=[128, 128]",hidden_states=float16; weight=float16,"hidden_states=[128, 1]; weight=[128, 1]",hidden_states=256; weight=256,hidden_states=256; weight=256,"output=[8, 128]",0.007347374921664596,0.007373687345534563,0.007361404296875,2,2,30,0,0,0,0,False,0.014694749843329191,262144,,
b8_t20_float16,nano_vllm_torch,decode,mlp_norm,normalization,PyTorch eager CUDA,"hidden_states=[8, 128]",hidden_states=float16,"hidden_states=[128, 1]",hidden_states=256,hidden_states=256,"output=[8, 128]",0.007227000081911683,0.007358499802649021,0.0072421933593749994,2,2,30,,,,,,0.014454000163823366,,,
b8_t20_float16,nano_vllm_torch,decode,mlp_fc1,linear,PyTorch aten::linear -> cuBLAS/cuBLASLt,"hidden_states=[8, 128]; weight=[512, 128]",hidden_states=float16; weight=float16,"hidden_states=[128, 1]; weight=[128, 1]",hidden_states=256; weight=256,hidden_states=256; weight=256,"output=[8, 512]",0.008066562470048666,0.008196062408387661,0.008090173828125,2,2,30,0,0,0,0,False,0.016133124940097332,1048576,,
b8_t20_float16,nano_vllm_torch,decode,gelu,activation,PyTorch eager CUDA,"hidden_states=[8, 512]",hidden_states=float16,"hidden_states=[512, 1]",hidden_states=256,hidden_states=256,"output=[8, 512]",0.003355937427841127,0.003400062443688512,0.0033702519531250003,2,2,30,,,,,,0.006711874855682254,,,
b8_t20_float16,nano_vllm_torch,decode,mlp_fc2,linear,PyTorch aten::linear -> cuBLAS/cuBLASLt,"hidden_states=[8, 512]; weight=[128, 512]",hidden_states=float16; weight=float16,"hidden_states=[512, 1]; weight=[512, 1]",hidden_states=256; weight=256,hidden_states=256; weight=256,"output=[8, 128]",0.007968218997120857,0.008115437813103199,0.007995306640625002,2,2,30,0,0,0,0,False,0.015936437994241714,1048576,,
b8_t20_float16,nano_vllm_torch,decode,final_norm,normalization,PyTorch eager CUDA,"hidden_states=[8, 128]",hidden_states=float16,"hidden_states=[128, 1]",hidden_states=256,hidden_states=256,"output=[8, 128]",0.007302718702703714,0.007365624886006117,0.007316146484375,1,1,15,,,,,,0.007302718702703714,,,
b8_t20_float16,nano_vllm_torch,decode,lm_head,linear,PyTorch aten::linear -> cuBLAS/cuBLASLt,"hidden_states=[8, 128]; weight=[512, 128]",hidden_states=float16; weight=float16,"hidden_states=[128, 1]; weight=[128, 1]",hidden_states=256; weight=256,hidden_states=256; weight=256,"output=[8, 512]",0.005722437519580126,0.005771437659859657,0.0057387890625,1,1,15,0,0,0,0,False,0.005722437519580126,1048576,,"Prefill projects only each sequence's last token, matching nano-vLLM serving."
b8_t20_float16,nano_vllm_torch,decode,full_decode_step,full_model,PyTorch fallback mixed,"input_ids=[8]; key_cache=[8, 256, 4, 32]",input_ids=int64; key_cache=float16,"input_ids=[1]; key_cache=[32768, 128, 32, 1]",input_ids=256; key_cache=256,input_ids=256; key_cache=64,"output=[8, 512]",1.8116480112075806,1.8461600542068481,1.8162305,1,1,15,,,,,,1.8116480112075806,,4415.86883903981,
